Sequence,Prediction,Confidence
1,Normal,0.9668034315109253
2,Normal,0.9663941860198975
3,Normal,0.9657541513442993
4,Normal,0.9654154777526855
5,Normal,0.9653986692428589
6,Normal,0.9655510187149048
7,Normal,0.9655592441558838
8,Normal,0.9658687710762024
9,Normal,0.9660150408744812
10,Normal,0.9659613370895386
11,Normal,0.9663450121879578
12,Normal,0.9667667746543884
13,Normal,0.9672910571098328
14,Normal,0.9675923585891724
15,Normal,0.9678911566734314
16,Normal,0.9678218960762024
17,Normal,0.9672438502311707
18,Normal,0.9667053818702698
19,Normal,0.9664485454559326
20,Normal,0.9664825201034546
21,Normal,0.9664087891578674
22,Normal,0.9660228490829468
23,Normal,0.9646062850952148
24,Normal,0.9652826189994812
25,Normal,0.9658095240592957
26,Normal,0.9651485681533813
27,Normal,0.963913083076477
28,Normal,0.9640751481056213
29,Normal,0.9648754596710205
30,Normal,0.9654139280319214
31,Normal,0.9659414887428284
32,Normal,0.9663995504379272
33,Normal,0.9667633175849915
34,Normal,0.9668557643890381
35,Normal,0.9666033387184143
36,Normal,0.9665733575820923
37,Normal,0.9666415452957153
38,Normal,0.9671503901481628
39,Normal,0.9676973223686218
40,Normal,0.9668130874633789
41,Normal,0.9653169512748718
42,Normal,0.9667218327522278
43,Normal,0.9669983386993408
44,Normal,0.9658362865447998
45,Normal,0.9667128324508667
46,Normal,0.965225100517273
47,Normal,0.9648461937904358
48,Normal,0.9640423655509949
49,Normal,0.9657089710235596
50,Normal,0.9661213159561157
51,Normal,0.9662436842918396
52,Normal,0.9652188420295715
53,Normal,0.9652373194694519
54,Normal,0.9645320773124695
55,Normal,0.9652440547943115
56,Normal,0.965091347694397
57,Normal,0.9652271866798401
58,Normal,0.9653195738792419
59,Normal,0.9646022915840149
60,Normal,0.9636277556419373
61,Normal,0.9653162360191345
62,Normal,0.9649757742881775
63,Normal,0.9637274146080017
64,Normal,0.9632678031921387
65,Normal,0.9644882082939148
66,Normal,0.9639723896980286
67,Normal,0.9634432792663574
68,Normal,0.9639269709587097
69,Normal,0.963768720626831
70,Normal,0.9636459946632385
71,Normal,0.9626918435096741
72,Normal,0.9628469944000244
73,Normal,0.96296226978302
74,Normal,0.9629775285720825
75,Normal,0.963556170463562
76,Normal,0.961607813835144
77,Normal,0.9629671573638916
78,Normal,0.962493896484375
79,Normal,0.9623672366142273
80,Normal,0.9613775014877319
81,Normal,0.9615640640258789
82,Normal,0.961893618106842
83,Normal,0.9618496298789978
84,Normal,0.9618651866912842
85,Normal,0.9613561034202576
86,Normal,0.9615552425384521
87,Normal,0.9612408876419067
88,Normal,0.96147620677948
89,Normal,0.960589587688446
90,Normal,0.960636556148529
91,Normal,0.9604770541191101
92,Normal,0.9618685841560364
93,Normal,0.9611499309539795
94,Normal,0.9605519771575928
95,Normal,0.9611853957176208
96,Normal,0.9614914655685425
97,Normal,0.9611968398094177
98,Normal,0.9612244963645935
99,Normal,0.9609394073486328
100,Normal,0.9607505202293396
101,Normal,0.960599958896637
102,Normal,0.9606754183769226
103,Normal,0.9606136679649353
104,Normal,0.9605729579925537
105,Normal,0.9608226418495178
106,Normal,0.9606388807296753
107,Normal,0.9604180455207825
108,Normal,0.9595937132835388
109,Normal,0.9599969387054443
110,Normal,0.9599953293800354
111,Normal,0.9613069891929626
112,Normal,0.9604787230491638
113,Normal,0.9599490761756897
114,Normal,0.9607507586479187
115,Normal,0.9609747529029846
116,Normal,0.9603174328804016
117,Normal,0.960121750831604
118,Normal,0.9606936573982239
119,Normal,0.959890604019165
120,Normal,0.9603209495544434
121,Normal,0.959990382194519
122,Normal,0.9599812626838684
123,Normal,0.9597705602645874
124,Normal,0.9600784778594971
125,Normal,0.9590548276901245
126,Normal,0.9593433737754822
127,Normal,0.9596577286720276
128,Normal,0.9610955119132996
129,Normal,0.9598718285560608
130,Normal,0.9602632522583008
131,Normal,0.9604635834693909
132,Normal,0.96038419008255
133,Normal,0.9594178795814514
134,Normal,0.9602123498916626
135,Normal,0.9599125981330872
136,Normal,0.9600812196731567
137,Normal,0.9603539109230042
138,Normal,0.9599849581718445
139,Normal,0.9598768949508667
140,Normal,0.9596088528633118
141,Normal,0.9598995447158813
142,Normal,0.9587802290916443
143,Normal,0.959011435508728
144,Normal,0.9591907262802124
145,Normal,0.9607782959938049
146,Normal,0.9600048661231995
147,Normal,0.9599190950393677
148,Normal,0.9603326916694641
149,Normal,0.9604629874229431
150,Normal,0.9603835940361023
151,Normal,0.9608820676803589
152,Normal,0.9599756598472595
153,Normal,0.9601573944091797
154,Normal,0.9600229859352112
155,Normal,0.9599602818489075
156,Normal,0.959731936454773
157,Normal,0.959882915019989
158,Normal,0.9596652984619141
159,Normal,0.9594254493713379
160,Normal,0.9597793817520142
161,Normal,0.9586100578308105
162,Normal,0.95891934633255
163,Normal,0.9593339562416077
164,Normal,0.9608351588249207
165,Normal,0.9600852727890015
166,Normal,0.959963321685791
167,Normal,0.9603447914123535
168,Normal,0.9604455232620239
169,Normal,0.9602355360984802
170,Normal,0.9601337313652039
171,Normal,0.9604617953300476
172,Normal,0.9594374299049377
173,Normal,0.9598977565765381
174,Normal,0.9596064686775208
175,Normal,0.9594675898551941
176,Normal,0.9592710137367249
177,Normal,0.9598085880279541
178,Normal,0.9584845900535583
179,Normal,0.9588097333908081
180,Normal,0.9593673348426819
181,Normal,0.9609924554824829
182,Normal,0.9599423408508301
183,Normal,0.9601320028305054
184,Normal,0.9602243304252625
185,Normal,0.9602271914482117
186,Normal,0.9590005278587341
187,Normal,0.9602980613708496
188,Normal,0.9597315192222595
189,Normal,0.9599319100379944
190,Normal,0.9599784016609192
191,Normal,0.9599128365516663
192,Normal,0.9597898125648499
193,Normal,0.9594901204109192
194,Normal,0.9597427845001221
195,Normal,0.958508312702179
196,Normal,0.9586741924285889
197,Normal,0.9590615034103394
198,Normal,0.9606108069419861
199,Normal,0.9600478410720825
200,Normal,0.9602431058883667
201,Normal,0.9603151082992554
202,Normal,0.9603731632232666
203,Normal,0.9604833722114563
204,Normal,0.9612851738929749
205,Normal,0.9601255059242249
206,Normal,0.960153341293335
207,Normal,0.9600051045417786
208,Normal,0.9598886370658875
209,Normal,0.9595687985420227
210,Normal,0.9597707986831665
211,Normal,0.9594441056251526
212,Normal,0.9591991305351257
213,Normal,0.959909975528717
214,Normal,0.9584521651268005
215,Normal,0.9586952328681946
216,Normal,0.9592820405960083
217,Normal,0.9608885645866394
218,Normal,0.9601600170135498
219,Normal,0.9603471159934998
220,Normal,0.9602997303009033
221,Normal,0.960425615310669
222,Normal,0.9603676795959473
223,Normal,0.9603792428970337
224,Normal,0.9605345726013184
225,Normal,0.9594094753265381
226,Normal,0.9598336219787598
227,Normal,0.9596377611160278
228,Normal,0.9594704508781433
229,Normal,0.9592582583427429
230,Normal,0.9599841237068176
231,Normal,0.9584032893180847
232,Normal,0.9586812853813171
233,Normal,0.959400475025177
234,Normal,0.9609898328781128
235,Normal,0.9601998925209045
236,Normal,0.9602327942848206
237,Normal,0.9602757692337036
238,Normal,0.9601784944534302
239,Normal,0.9589383006095886
240,Normal,0.9604417681694031
241,Normal,0.959756076335907
242,Normal,0.959976077079773
243,Normal,0.9598990678787231
244,Normal,0.9600211381912231
245,Normal,0.95986008644104
246,Normal,0.9595310688018799
247,Normal,0.9596866965293884
248,Normal,0.9584745764732361
249,Normal,0.9586337208747864
250,Normal,0.9590970277786255
251,Normal,0.9606210589408875
252,Normal,0.9600504636764526
253,Normal,0.9603158831596375
254,Normal,0.96051424741745
255,Normal,0.9604210257530212
256,Normal,0.9605039358139038
257,Normal,0.9618440866470337
258,Normal,0.9602704644203186
259,Normal,0.9602203369140625
260,Normal,0.9600887894630432
261,Normal,0.9599388241767883
262,Normal,0.9595783352851868
263,Normal,0.9597894549369812
264,Normal,0.959462583065033
265,Normal,0.9591719508171082
266,Normal,0.9598912000656128
267,Normal,0.958469033241272
268,Normal,0.9586727619171143
269,Normal,0.9593531489372253
270,Normal,0.960922122001648
271,Normal,0.9601489305496216
272,Normal,0.9604905247688293
273,Normal,0.9604228734970093
274,Normal,0.9604890942573547
275,Normal,0.960576057434082
276,Normal,0.9606946706771851
277,Normal,0.960662305355072
278,Normal,0.9594547748565674
279,Normal,0.9598723649978638
280,Normal,0.9597541093826294
281,Normal,0.9595320224761963
282,Normal,0.9593120217323303
283,Normal,0.9600304961204529
284,Normal,0.9584301114082336
285,Normal,0.9586728811264038
286,Normal,0.9594839811325073
287,Normal,0.9610570669174194
288,Normal,0.9605048894882202
289,Normal,0.9604909420013428
290,Normal,0.9603516459465027
291,Normal,0.9602112174034119
292,Normal,0.9590404629707336
293,Normal,0.9606655240058899
294,Normal,0.9598326086997986
295,Normal,0.9600433111190796
296,Normal,0.959896445274353
297,Normal,0.9601412415504456
298,Normal,0.9599198698997498
299,Normal,0.9595820903778076
300,Normal,0.9596032500267029
301,Normal,0.958499014377594
302,Normal,0.9586657285690308
303,Normal,0.9591564536094666
304,Normal,0.9605799317359924
305,Normal,0.960006833076477
306,Normal,0.9603170156478882
307,Normal,0.9607018232345581
308,Normal,0.9604832530021667
309,Normal,0.9605246186256409
310,Normal,0.9621075391769409
311,Normal,0.9602799415588379
312,Normal,0.960337221622467
313,Normal,0.9601412415504456
314,Normal,0.960005521774292
315,Normal,0.9596363306045532
316,Normal,0.9598354697227478
317,Normal,0.9594658613204956
318,Normal,0.9591922163963318
319,Normal,0.9598298072814941
320,Normal,0.9585305452346802
321,Normal,0.9587019085884094
322,Normal,0.959435224533081
323,Normal,0.9609981775283813
324,Normal,0.9601049423217773
325,Normal,0.9605341553688049
326,Normal,0.9606207013130188
327,Normal,0.960556149482727
328,Normal,0.9607974290847778
329,Normal,0.9610087871551514
330,Normal,0.9607386589050293
331,Normal,0.9595084190368652
332,Normal,0.9599249958992004
333,Normal,0.959864616394043
334,Normal,0.9595810770988464
335,Normal,0.9593686461448669
336,Normal,0.9599812626838684
337,Normal,0.9584919214248657
338,Normal,0.9586870074272156
339,Normal,0.9595656991004944
340,Normal,0.9610392451286316
341,Normal,0.9607354998588562
342,Normal,0.9606865048408508
343,Normal,0.9604642987251282
344,Normal,0.9603672027587891
345,Normal,0.9591888189315796
346,Normal,0.9608488082885742
347,Normal,0.9599376320838928
348,Normal,0.9601045250892639
349,Normal,0.9599078893661499
350,Normal,0.9602454304695129
351,Normal,0.9599655270576477
352,Normal,0.9596295952796936
353,Normal,0.9595338702201843
354,Normal,0.9585406184196472
355,Normal,0.958706796169281
356,Normal,0.9592123031616211
357,Normal,0.9604882001876831
358,Normal,0.9599741101264954
359,Normal,0.960301399230957
360,Normal,0.9608113169670105
361,Normal,0.9605430960655212
362,Normal,0.9605656266212463
363,Normal,0.9623070955276489
364,Normal,0.9602667689323425
365,Normal,0.9605039358139038
366,Normal,0.9601645469665527
367,Normal,0.9600649476051331
368,Normal,0.9596994519233704
369,Normal,0.9598838090896606
370,Normal,0.9594499468803406
371,Normal,0.9592221975326538
372,Normal,0.9597831964492798
373,Normal,0.9585883021354675
374,Normal,0.9587430953979492
375,Normal,0.9595090746879578
376,Normal,0.9610045552253723
377,Normal,0.9600679278373718
378,Normal,0.9605302810668945
379,Normal,0.9607412815093994
380,Normal,0.9606155753135681
381,Normal,0.9609515070915222
382,Normal,0.9612233638763428
383,Normal,0.9607830047607422
384,Normal,0.9595571756362915
385,Normal,0.9599605798721313
386,Normal,0.9599553346633911
387,Normal,0.9596169590950012
388,Normal,0.9594191908836365
389,Normal,0.9599276185035706
390,Normal,0.9585532546043396
391,Normal,0.9587085843086243
392,Normal,0.9596363306045532
393,Normal,0.960966944694519
394,Normal,0.96089768409729
395,Normal,0.9608091115951538
396,Normal,0.9605793952941895
397,Normal,0.9604907035827637
398,Normal,0.9593006372451782
399,Normal,0.9609501957893372
400,Normal,0.9600606560707092
401,Normal,0.9601572751998901
402,Normal,0.959919273853302
403,Normal,0.9603357911109924
404,Normal,0.9600052237510681
405,Normal,0.9596704244613647
406,Normal,0.9594785571098328
407,Normal,0.9585834741592407
408,Normal,0.9587436318397522
409,Normal,0.9592669010162354
410,Normal,0.960396945476532
411,Normal,0.9599533677101135
412,Normal,0.9602844715118408
413,Normal,0.9608913064002991
414,Normal,0.9606055617332458
415,Normal,0.9606248140335083
416,Normal,0.9624698162078857
417,Normal,0.960254430770874
418,Normal,0.9606620073318481
419,Normal,0.960181474685669
420,Normal,0.9601149559020996
421,Normal,0.9597585201263428
422,Normal,0.9599282145500183
423,Normal,0.9594326019287109
424,Normal,0.9592522382736206
425,Normal,0.959749162197113
426,Normal,0.9586337208747864
427,Normal,0.9587833285331726
428,Normal,0.959572970867157
429,Normal,0.9609823226928711
430,Normal,0.9600392580032349
431,Normal,0.9605109691619873
432,Normal,0.9608218669891357
433,Normal,0.9606719613075256
434,Normal,0.9610407948493958
435,Normal,0.9613479971885681
436,Normal,0.9608192443847656
437,Normal,0.959598958492279
438,Normal,0.9599810242652893
439,Normal,0.9600287079811096
440,Normal,0.9596456289291382
441,Normal,0.9594624638557434
442,Normal,0.9598820805549622
443,Normal,0.9586048126220703
444,Normal,0.9587346315383911
445,Normal,0.95969557762146
446,Normal,0.9608906507492065
447,Normal,0.9610189199447632
448,Normal,0.960902214050293
449,Normal,0.9606444835662842
450,Normal,0.9605440497398376
451,Normal,0.9593780636787415
452,Normal,0.9610074162483215
453,Normal,0.9601622223854065
454,Normal,0.9602060914039612
455,Normal,0.9599285125732422
456,Normal,0.9604226350784302
457,Normal,0.9600452780723572
458,Normal,0.9597051739692688
459,Normal,0.9594346880912781
460,Normal,0.9586217999458313
461,Normal,0.9587740898132324
462,Normal,0.9593214392662048
463,Normal,0.9603222608566284
464,Normal,0.9599416851997375
465,Normal,0.9602714776992798
466,Normal,0.9609555602073669
467,Normal,0.9606711268424988
468,Normal,0.9606853127479553
469,Normal,0.9626040458679199
470,Normal,0.9602463841438293
471,Normal,0.9607769846916199
472,Normal,0.960199236869812
473,Normal,0.9601568579673767
474,Normal,0.9598158597946167
475,Normal,0.9599669575691223
476,Normal,0.9594172239303589
477,Normal,0.9592792987823486
478,Normal,0.9597235918045044
479,Normal,0.958669126033783
480,Normal,0.9588187336921692
481,Normal,0.9596275091171265
482,Normal,0.9609594345092773
483,Normal,0.9600179195404053
484,Normal,0.9604905843734741
485,Normal,0.9608865976333618
486,Normal,0.9607299566268921
487,Normal,0.9610891342163086
488,Normal,0.9614245295524597
489,Normal,0.9608513712882996
490,Normal,0.959634006023407
491,Normal,0.9599930047988892
492,Normal,0.9600887298583984
493,Normal,0.959671676158905
494,Normal,0.9594995379447937
495,Normal,0.9598442912101746
496,Normal,0.9586466550827026
497,Normal,0.9587611556053162
498,Normal,0.9597456455230713
499,Normal,0.9608261585235596
500,Normal,0.9611160159111023
501,Normal,0.9609780311584473
502,Normal,0.9606819748878479
503,Normal,0.9605681300163269
504,Normal,0.9594361186027527
505,Normal,0.9610415697097778
506,Normal,0.9602368474006653
507,Normal,0.960258424282074
508,Normal,0.9599360823631287
509,Normal,0.9605146646499634
510,Normal,0.9600948691368103
511,Normal,0.9597342610359192
512,Normal,0.9593997001647949
513,Normal,0.9586547613143921
514,Normal,0.9587996602058411
515,Normal,0.9593752026557922
516,Normal,0.9602667689323425
517,Normal,0.9599367380142212
518,Normal,0.9602630138397217
519,Normal,0.9610085487365723
520,Normal,0.9607294201850891
521,Normal,0.9607366919517517
522,Normal,0.9627125263214111
523,Normal,0.9602424502372742
524,Normal,0.9608513712882996
525,Normal,0.9602166414260864
526,Normal,0.9601924419403076
527,Normal,0.9598734974861145
528,Normal,0.9600010514259338
529,Normal,0.9594038724899292
530,Normal,0.9593032598495483
531,Normal,0.959703803062439
532,Normal,0.9586976170539856
533,Normal,0.9588487148284912
534,Normal,0.959674596786499
535,Normal,0.960942268371582
536,Normal,0.9600024819374084
537,Normal,0.960473895072937
538,Normal,0.9609410762786865
539,Normal,0.9607853293418884
540,Normal,0.9611166715621948
541,Normal,0.9614755511283875
542,Normal,0.9608802795410156
543,Normal,0.959663450717926
544,Normal,0.9599997997283936
545,Normal,0.9601386189460754
546,Normal,0.9596967101097107
547,Normal,0.9595307111740112
548,Normal,0.9598132967948914
549,Normal,0.9586809873580933
550,Normal,0.9587859511375427
551,Normal,0.9597882628440857
552,Normal,0.9607753157615662
553,Normal,0.9611969590187073
554,Normal,0.9610410332679749
555,Normal,0.9607061147689819
556,Normal,0.9605792760848999
557,Normal,0.9594810009002686
558,Normal,0.9610620737075806
559,Normal,0.9602945446968079
560,Normal,0.9603162407875061
561,Normal,0.9599426984786987
562,Normal,0.9606022238731384
563,Normal,0.9601612091064453
564,Normal,0.9597589373588562
565,Normal,0.9593715071678162
566,Normal,0.9586829543113708
567,Normal,0.9588208794593811
568,Normal,0.9594268798828125
569,Normal,0.9602280855178833
570,Normal,0.9599364399909973
571,Normal,0.9602583050727844
572,Normal,0.9610523581504822
573,Normal,0.9607754349708557
574,Normal,0.9607762694358826
575,Normal,0.9627997875213623
576,Normal,0.9602414965629578
577,Normal,0.9608989953994751
578,Normal,0.9602314829826355
579,Normal,0.9602228999137878
580,Normal,0.9599303603172302
581,Normal,0.9600310325622559
582,Normal,0.9593923091888428
583,Normal,0.9593237638473511
584,Normal,0.959688127040863
585,Normal,0.9587207436561584
586,Normal,0.9588736295700073
587,Normal,0.9597152471542358
588,Normal,0.9609301686286926
589,Normal,0.9599913358688354
590,Normal,0.9604617953300476
591,Normal,0.9609872698783875
592,Normal,0.9608321785926819
593,Normal,0.9611330628395081
594,Normal,0.9615107178688049
595,Normal,0.9609062671661377
596,Normal,0.9596885442733765
597,Normal,0.9600033164024353
598,Normal,0.9601805806159973
599,Normal,0.9597213864326477
600,Normal,0.9595574736595154
601,Normal,0.9597879648208618
602,Normal,0.9587093591690063
603,Normal,0.958808183670044
604,Normal,0.9598249197006226
605,Normal,0.9607359170913696
606,Normal,0.9612659215927124
607,Normal,0.9610938429832458
608,Normal,0.9607230424880981
609,Normal,0.9605841040611267
610,Normal,0.9595159888267517
611,Normal,0.9610744714736938
612,Normal,0.9603412747383118
613,Normal,0.9603742957115173
614,Normal,0.9599485993385315
615,Normal,0.9606751799583435
616,Normal,0.9602317810058594
617,Normal,0.959779679775238
618,Normal,0.9593484401702881
619,Normal,0.9587072730064392
620,Normal,0.9588390588760376
621,Normal,0.9594761729240417
622,Normal,0.9602025747299194
623,Normal,0.9599394798278809
624,Normal,0.9602558612823486
625,Normal,0.9610893726348877
626,Normal,0.9608105421066284
627,Normal,0.960806131362915
628,Normal,0.9628706574440002
629,Normal,0.9602424502372742
630,Normal,0.9609302878379822
631,Normal,0.9602442979812622
632,Normal,0.9602493643760681
633,Normal,0.9599831104278564
634,Normal,0.9600579142570496
635,Normal,0.9593823552131653
636,Normal,0.9593418836593628
637,Normal,0.9596753716468811
638,Normal,0.958740234375
639,Normal,0.9588943123817444
640,Normal,0.9597508311271667
641,Normal,0.960922122001648
642,Normal,0.9599838852882385
643,Normal,0.9604536294937134
644,Normal,0.9610266089439392
645,Normal,0.960870087146759
646,Normal,0.961142897605896
647,Normal,0.9615355134010315
648,Normal,0.9609301686286926
649,Normal,0.959709882736206
650,Normal,0.9600045680999756
651,Normal,0.9602166414260864
652,Normal,0.9597456455230713
653,Normal,0.9595807790756226
654,Normal,0.9597670435905457
655,Normal,0.9587331414222717
656,Normal,0.9588280320167542
657,Normal,0.9598571062088013
658,Normal,0.9607056379318237
659,Normal,0.9613245129585266
660,Normal,0.9611387848854065
661,Normal,0.960735559463501
662,Normal,0.9605863094329834
663,Normal,0.9595432281494141
664,Normal,0.9610819816589355
665,Normal,0.9603801965713501
666,Normal,0.9604260325431824
667,Normal,0.9599543213844299
668,Normal,0.9607341289520264
669,Normal,0.9602911472320557
670,Normal,0.9597976207733154
671,Normal,0.9593296647071838
672,Normal,0.9587280750274658
673,Normal,0.9588546752929688
674,Normal,0.9595231413841248
675,Normal,0.9601873755455017
676,Normal,0.9599445462226868
677,Normal,0.9602547883987427
678,Normal,0.96112060546875
679,Normal,0.9608373641967773
680,Normal,0.9608285427093506
681,Normal,0.9629288911819458
682,Normal,0.9602450728416443
683,Normal,0.9609512090682983
684,Normal,0.960254967212677
685,Normal,0.9602725505828857
686,Normal,0.9600297212600708
687,Normal,0.9600826501846313
688,Normal,0.9593733549118042
689,Normal,0.9593575596809387
690,Normal,0.9596648216247559
691,Normal,0.9587569236755371
692,Normal,0.9589115381240845
693,Normal,0.9597817659378052
694,Normal,0.9609169363975525
695,Normal,0.9599791765213013
696,Normal,0.9604486227035522
697,Normal,0.9610602855682373
698,Normal,0.9609000086784363
699,Normal,0.961148738861084
700,Normal,0.9615530371665955
701,Normal,0.9609515070915222
702,Normal,0.9597281813621521
703,Normal,0.9600042104721069
704,Normal,0.9602480530738831
705,Normal,0.9597705602645874
706,Normal,0.9596009850502014
707,Normal,0.9597498178482056
708,Normal,0.9587534070014954
709,Normal,0.9588456749916077
710,Normal,0.9598858952522278
711,Normal,0.960682213306427
712,Normal,0.9613744020462036
713,Normal,0.9611773490905762
714,Normal,0.9607452750205994
715,Normal,0.960587203502655
716,Normal,0.9595646262168884
717,Normal,0.9610866904258728
718,Normal,0.9604130983352661
719,Normal,0.9604696035385132
720,Normal,0.9599606990814209
721,Normal,0.9607828855514526
722,Normal,0.9603386521339417
723,Normal,0.9598131775856018
724,Normal,0.9593141078948975
725,Normal,0.9587463736534119
726,Normal,0.9588684439659119
727,Normal,0.9595682621002197
728,Normal,0.9601801633834839
729,Normal,0.9599510431289673
730,Normal,0.9602545499801636
731,Normal,0.9611478447914124
732,Normal,0.9608582854270935
733,Normal,0.9608457684516907
734,Normal,0.9629772901535034
735,Normal,0.9602485299110413
736,Normal,0.9609659314155579
737,Normal,0.9602644443511963
738,Normal,0.9602931141853333
739,Normal,0.9600697159767151
740,Normal,0.960105836391449
741,Normal,0.9593654274940491
742,Normal,0.9593715071678162
743,Normal,0.9596560597419739
744,Normal,0.9587713479995728
745,Normal,0.9589263200759888
746,Normal,0.9598091244697571
747,Normal,0.960913896560669
748,Normal,0.959976315498352
749,Normal,0.9604452848434448
750,Normal,0.9610892534255981
751,Normal,0.9609236717224121
752,Normal,0.9611517786979675
753,Normal,0.9615652561187744
754,Normal,0.9609709978103638
755,Normal,0.9597440958023071
756,Normal,0.9600030183792114
757,Normal,0.9602760076522827
758,Normal,0.9597981572151184
759,Normal,0.959618866443634
760,Normal,0.9597353339195251
761,Normal,0.9587710499763489
762,Normal,0.9588613510131836
763,Normal,0.9599121809005737
764,Normal,0.9606643915176392
765,Normal,0.9614166021347046
766,Normal,0.9612107276916504
767,Normal,0.960753321647644
768,Normal,0.9605875015258789
769,Normal,0.9595816135406494
770,Normal,0.9610893726348877
771,Normal,0.9604414701461792
772,Normal,0.9605050086975098
773,Normal,0.9599674344062805
774,Normal,0.960824191570282
775,Normal,0.96037757396698
776,Normal,0.9598267078399658
777,Normal,0.9593009352684021
778,Normal,0.9587623476982117
779,Normal,0.9588805437088013
780,Normal,0.9596114158630371
781,Normal,0.9601781368255615
782,Normal,0.9599580764770508
783,Normal,0.9602548480033875
784,Normal,0.9611710906028748
785,Normal,0.9608747959136963
786,Normal,0.9608590602874756
787,Normal,0.9630177617073059
788,Normal,0.9602523446083069
789,Normal,0.9609761834144592
790,Normal,0.9602726697921753
791,Normal,0.9603115916252136
792,Normal,0.9601038694381714
793,Normal,0.9601279497146606
794,Normal,0.9593585133552551
795,Normal,0.9593837857246399
796,Normal,0.959648609161377
797,Normal,0.9587838649749756
798,Normal,0.9589389562606812
799,Normal,0.9598336219787598
800,Normal,0.9609123468399048
801,Normal,0.9599748849868774
802,Normal,0.9604434370994568
803,Normal,0.961114227771759
804,Normal,0.960942804813385
805,Normal,0.9611532092094421
806,Normal,0.9615736603736877
807,Normal,0.9609887003898621
808,Normal,0.9597580432891846
809,Normal,0.9600014686584473
810,Normal,0.9603011608123779
811,Normal,0.9598290920257568
812,Normal,0.95963454246521
813,Normal,0.959723174571991
814,Normal,0.9587863683700562
815,Normal,0.9588753581047058
816,Normal,0.9599363207817078
817,Normal,0.9606505632400513
818,Normal,0.9614526629447937
819,Normal,0.9612399935722351
820,Normal,0.9607599973678589
821,Normal,0.9605878591537476
822,Normal,0.9595950245857239
823,Normal,0.9610909223556519
824,Normal,0.960466206073761
825,Normal,0.960533857345581
826,Normal,0.9599748849868774
827,Normal,0.9608598351478577
828,Normal,0.9604104161262512
829,Normal,0.9598388075828552
830,Normal,0.9592898488044739
831,Normal,0.9587765336036682
832,Normal,0.9588911533355713
833,Normal,0.9596526622772217
834,Normal,0.9601802229881287
835,Normal,0.9599656462669373
836,Normal,0.9602552056312561
837,Normal,0.9611916542053223
838,Normal,0.9608882069587708
839,Normal,0.9608697295188904
840,Normal,0.9630511403083801
841,Normal,0.9602568745613098
842,Normal,0.9609836339950562
843,Normal,0.9602799415588379
844,Normal,0.9603279829025269
845,Normal,0.9601327776908875
846,Normal,0.9601489305496216
847,Normal,0.9593520760536194
848,Normal,0.959394633769989
849,Normal,0.959642231464386
850,Normal,0.9587951302528381
851,Normal,0.9589498043060303
852,Normal,0.9598552584648132
853,Normal,0.9609115719795227
854,Normal,0.9599746465682983
855,Normal,0.9604424238204956
856,Normal,0.9611360430717468
857,Normal,0.9609582424163818
858,Normal,0.9611535668373108
859,Normal,0.9615792632102966
860,Normal,0.961004912853241
861,Normal,0.9597705006599426
862,Normal,0.959999680519104
863,Normal,0.960324227809906
864,Normal,0.9598624110221863
865,Normal,0.9596484899520874
866,Normal,0.9597126245498657
867,Normal,0.9587998390197754
868,Normal,0.9588878750801086
869,Normal,0.9599590301513672
870,Normal,0.9606399536132812
871,Normal,0.9614832997322083
872,Normal,0.9612659811973572
873,Normal,0.9607656002044678
874,Normal,0.9605881571769714
875,Normal,0.9596059918403625
876,Normal,0.9610918760299683
877,Normal,0.9604877233505249
878,Normal,0.9605578184127808
879,Normal,0.9599828720092773
880,Normal,0.96089106798172
881,Normal,0.9604387283325195
882,Normal,0.9598494172096252
883,Normal,0.9592804312705994
884,Normal,0.9587892293930054
885,Normal,0.9589006900787354
886,Normal,0.9596920609474182
887,Normal,0.9601847529411316
888,Normal,0.9599730372428894
889,Normal,0.9602556228637695
890,Normal,0.9612099528312683
891,Normal,0.9608992338180542
892,Normal,0.9608781933784485
893,Normal,0.9630785584449768
894,Normal,0.960261344909668
895,Normal,0.9609889388084412
896,Normal,0.9602863192558289
897,Normal,0.960343062877655
898,Normal,0.9601575136184692
899,Normal,0.9601686000823975
900,Normal,0.9593464732170105
901,Normal,0.9594045281410217
902,Normal,0.9596367478370667
903,Normal,0.9588051438331604
904,Normal,0.9589593410491943
905,Normal,0.9598749279975891
906,Normal,0.9609118700027466
907,Normal,0.9599751234054565
908,Normal,0.9604415893554688
909,Normal,0.9611552953720093
910,Normal,0.9609709978103638
911,Normal,0.9611530900001526
912,Normal,0.9615828990936279
913,Normal,0.9610195755958557
914,Normal,0.9597815871238708
915,Normal,0.9599980711936951
916,Normal,0.960345447063446
917,Normal,0.9598965644836426
918,Normal,0.9596610069274902
919,Normal,0.9597036242485046
920,Normal,0.9588119983673096
921,Normal,0.9588991403579712
922,Normal,0.9599807858467102
923,Normal,0.9606321454048157
924,Normal,0.9615095257759094
925,Normal,0.9612892270088196
926,Normal,0.9607703685760498
927,Normal,0.9605886936187744
928,Normal,0.9596148133277893
929,Normal,0.9610922336578369
930,Normal,0.9605068564414978
931,Normal,0.9605779647827148
932,Normal,0.9599915742874146
933,Normal,0.9609184861183167
934,Normal,0.9604631066322327
935,Normal,0.9598590731620789
936,Normal,0.9592723250389099
937,Normal,0.9588004946708679
938,Normal,0.9589094519615173
939,Normal,0.9597289562225342
940,Normal,0.9601907134056091
941,Normal,0.9599803686141968
942,Normal,0.9602560997009277
943,Normal,0.961226224899292
944,Normal,0.9609082341194153
945,Normal,0.960885226726532
946,Normal,0.963100790977478
947,Normal,0.9602659940719604
948,Normal,0.9609929323196411
949,Normal,0.9602921605110168
950,Normal,0.9603564739227295
951,Normal,0.960178792476654
952,Normal,0.9601872563362122
953,Normal,0.9593412280082703
954,Normal,0.9594132900238037
955,Normal,0.9596318006515503
956,Normal,0.9588140845298767
957,Normal,0.9589677453041077
958,Normal,0.9598926305770874
959,Normal,0.9609128832817078
960,Normal,0.9599764347076416
961,Normal,0.9604411125183105
962,Normal,0.9611724019050598
963,Normal,0.9609813690185547
964,Normal,0.9611523747444153
965,Normal,0.9615849852561951
966,Normal,0.9610332250595093
967,Normal,0.9597912430763245
968,Normal,0.9599965214729309
969,Normal,0.960365355014801
970,Normal,0.9599438905715942
971,Normal,0.9596190452575684
972,Normal,0.9597770571708679
973,Normal,0.9588043689727783
974,Normal,0.9589501023292542
975,Normal,0.9600990414619446
976,Normal,0.9606614112854004
977,Normal,0.9615656137466431
978,Normal,0.9619022607803345
979,Normal,0.9608421921730042
980,Normal,0.9606943130493164
981,Normal,0.9596967101097107
982,Normal,0.9611631631851196
983,Normal,0.960740864276886
984,Normal,0.9608020782470703
985,Normal,0.9601706862449646
986,Normal,0.9611899256706238
987,Normal,0.960655152797699
988,Normal,0.9598942399024963
989,Normal,0.9592462182044983
990,Normal,0.958897054195404
991,Normal,0.9589540958404541
992,Normal,0.9602029919624329
993,Normal,0.9604604840278625
994,Normal,0.9601442217826843
995,Normal,0.9602490663528442
996,Normal,0.9614825248718262
997,Normal,0.960992693901062
998,Normal,0.9609479904174805
999,Normal,0.9631014466285706
1000,Normal,0.9604150652885437
1001,Normal,0.9609714150428772
1002,Normal,0.960405170917511
1003,Normal,0.9606578946113586
1004,Normal,0.9604710340499878
1005,Normal,0.9604892730712891
1006,Normal,0.9592397212982178
1007,Normal,0.9595683813095093
1008,Normal,0.9595728516578674
1009,Normal,0.9589816927909851
1010,Normal,0.9591234922409058
1011,Normal,0.9602712392807007
1012,Normal,0.9610666632652283
1013,Normal,0.9601225256919861
1014,Normal,0.9603642821311951
1015,Normal,0.9614372253417969
1016,Normal,0.9610835313796997
1017,Normal,0.9611035585403442
1018,Normal,0.961498498916626
1019,Normal,0.9613251686096191
1020,Normal,0.9599521160125732
1021,Normal,0.9599968791007996
1022,Normal,0.9608162641525269
1023,Normal,0.9603285193443298
1024,Normal,0.9598708748817444
1025,Normal,0.959603488445282
1026,Normal,0.9590170979499817
1027,Normal,0.959112286567688
1028,Normal,0.9605531692504883
1029,Normal,0.960742175579071
1030,Normal,0.9618448615074158
1031,Normal,0.961851954460144
1032,Normal,0.9608195424079895
1033,Normal,0.9606573581695557
1034,Normal,0.959665060043335
1035,Normal,0.9610787630081177
1036,Normal,0.9608322978019714
1037,Normal,0.960827112197876
1038,Normal,0.9602373838424683
1039,Normal,0.9613376259803772
1040,Normal,0.9607316255569458
1041,Normal,0.9600326418876648
1042,Normal,0.9591810703277588
1043,Normal,0.9590058326721191
1044,Normal,0.9590733647346497
1045,Normal,0.9603725075721741
1046,Normal,0.9605152606964111
1047,Normal,0.9601598978042603
1048,Normal,0.9602113366127014
1049,Normal,0.961504340171814
1050,Normal,0.9610071182250977
1051,Normal,0.9609456658363342
1052,Normal,0.9631032347679138
1053,Normal,0.9604193568229675
1054,Normal,0.9609706997871399
1055,Normal,0.960404634475708
1056,Normal,0.9606592059135437
1057,Normal,0.9604715704917908
1058,Normal,0.9604897499084473
1059,Normal,0.9592397212982178
1060,Normal,0.9595687985420227
1061,Normal,0.9595725536346436
1062,Normal,0.9589819312095642
1063,Normal,0.9591236710548401
1064,Normal,0.9602711200714111
1065,Normal,0.9610670208930969
1066,Normal,0.9601227641105652
1067,Normal,0.9603644609451294
1068,Normal,0.9614382982254028
1069,Normal,0.9610840678215027
1070,Normal,0.9611031413078308
1071,Normal,0.9614971876144409
1072,Normal,0.9613252878189087
1073,Normal,0.959952712059021
1074,Normal,0.9599965214729309
1075,Normal,0.9608176946640015
1076,Normal,0.9603288769721985
1077,Normal,0.9598714113235474
1078,Normal,0.9596032500267029
1079,Normal,0.9590173363685608
1080,Normal,0.9591124057769775
1081,Normal,0.9605534076690674
1082,Normal,0.9607422947883606
1083,Normal,0.9618452191352844
1084,Normal,0.9618536233901978
1085,Normal,0.9608200788497925
1086,Normal,0.9606580138206482
1087,Normal,0.9596655964851379
1088,Normal,0.9610778093338013
1089,Normal,0.9608328342437744
1090,Normal,0.9608277082443237
1091,Normal,0.9602378606796265
1092,Normal,0.9613384008407593
1093,Normal,0.9607325196266174
1094,Normal,0.9600332379341125
1095,Normal,0.9591810703277588
1096,Normal,0.9590062499046326
1097,Normal,0.9590736627578735
1098,Normal,0.9603728652000427
1099,Normal,0.9605154395103455
1100,Normal,0.9601600170135498
1101,Normal,0.9602115750312805
1102,Normal,0.9615052938461304
1103,Normal,0.9610075354576111
1104,Normal,0.9609456658363342
1105,Normal,0.9631038904190063
1106,Normal,0.9604194760322571
1107,Normal,0.9609698057174683
1108,Normal,0.9604041576385498
1109,Normal,0.9606603384017944
1110,Normal,0.960472047328949
1111,Normal,0.9604902863502502
1112,Normal,0.9592398405075073
1113,Normal,0.9595691561698914
1114,Normal,0.959572434425354
1115,Normal,0.9589821100234985
1116,Normal,0.9591236710548401
1117,Normal,0.9602711200714111
1118,Normal,0.9610674381256104
1119,Normal,0.9601228833198547
1120,Normal,0.9603646993637085
1121,Normal,0.9614391922950745
1122,Normal,0.9610844254493713
1123,Normal,0.9611029028892517
1124,Normal,0.9614958167076111
1125,Normal,0.9613255858421326
1126,Normal,0.9599530100822449
1127,Normal,0.9599961042404175
1128,Normal,0.960818886756897
1129,Normal,0.9603291749954224
1130,Normal,0.9598719477653503
1131,Normal,0.9596031308174133
1132,Normal,0.9590174555778503
1133,Normal,0.9591124057769775
1134,Normal,0.9605536460876465
1135,Normal,0.9607424139976501
1136,Normal,0.9618457555770874
1137,Normal,0.9618550539016724
1138,Normal,0.9608206748962402
1139,Normal,0.9606584310531616
1140,Normal,0.9596661925315857
1141,Normal,0.9610767960548401
1142,Normal,0.9608333110809326
1143,Normal,0.9608281254768372
1144,Normal,0.9602382779121399
1145,Normal,0.9613392949104309
1146,Normal,0.9607334733009338
1147,Normal,0.9600338935852051
1148,Normal,0.9591807126998901
1149,Normal,0.9590063691139221
1150,Normal,0.9590740203857422
1151,Normal,0.9603729248046875
1152,Normal,0.960515558719635
1153,Normal,0.9601601362228394
1154,Normal,0.960211992263794
1155,Normal,0.961506187915802
1156,Normal,0.9610080122947693
1157,Normal,0.9609457850456238
1158,Normal,0.9631044268608093
1159,Normal,0.9604195952415466
1160,Normal,0.9609690308570862
1161,Normal,0.9604037404060364
1162,Normal,0.9606614112854004
1163,Normal,0.9604724645614624
1164,Normal,0.9604907035827637
1165,Normal,0.9592397212982178
1166,Normal,0.9595695734024048
1167,Normal,0.9595721960067749
1168,Normal,0.9589821100234985
1169,Normal,0.9591236710548401
1170,Normal,0.9602712392807007
1171,Normal,0.9610676765441895
1172,Normal,0.9601228833198547
1173,Normal,0.9603649377822876
1174,Normal,0.9614400863647461
1175,Normal,0.9610848426818848
1176,Normal,0.9611026644706726
1177,Normal,0.9614948630332947
1178,Normal,0.9613258242607117
1179,Normal,0.9599534273147583
1180,Normal,0.9599958658218384
1181,Normal,0.9608199596405029
1182,Normal,0.9603294134140015
1183,Normal,0.9598723649978638
1184,Normal,0.959602952003479
1185,Normal,0.9590177536010742
1186,Normal,0.9591124057769775
1187,Normal,0.960553765296936
1188,Normal,0.9607425332069397
1189,Normal,0.961846113204956
1190,Normal,0.9618563652038574
1191,Normal,0.9608212113380432
1192,Normal,0.9606587886810303
1193,Normal,0.95966637134552
1194,Normal,0.961076021194458
1195,Normal,0.960833728313446
1196,Normal,0.9608284831047058
1197,Normal,0.960238516330719
1198,Normal,0.9613398313522339
1199,Normal,0.9607342481613159
1200,Normal,0.9600343108177185
1201,Normal,0.9591805934906006
1202,Normal,0.959006667137146
1203,Normal,0.9590742588043213
1204,Normal,0.960373044013977
1205,Normal,0.9605157971382141
1206,Normal,0.9601601362228394
1207,Normal,0.960212230682373
1208,Normal,0.9615070819854736
1209,Normal,0.9610084295272827
1210,Normal,0.9609460234642029
1211,Normal,0.9631050229072571
1212,Normal,0.9604195952415466
1213,Normal,0.9609684944152832
1214,Normal,0.9604033827781677
1215,Normal,0.960662305355072
1216,Normal,0.9604728817939758
1217,Normal,0.9604911804199219
1218,Normal,0.9592398405075073
1219,Normal,0.9595698118209839
1220,Normal,0.9595720767974854
1221,Normal,0.9589824676513672
1222,Normal,0.9591236710548401
1223,Normal,0.9602712392807007
1224,Normal,0.9610680937767029
1225,Normal,0.9601231217384338
1226,Normal,0.9603651165962219
1227,Normal,0.9614409804344177
1228,Normal,0.9610852599143982
1229,Normal,0.9611023664474487
1230,Normal,0.961493730545044
1231,Normal,0.9613260626792908
1232,Normal,0.959954023361206
1233,Normal,0.9599955081939697
1234,Normal,0.9608210921287537
1235,Normal,0.9603296518325806
1236,Normal,0.9598727226257324
1237,Normal,0.9596028327941895
1238,Normal,0.9590178728103638
1239,Normal,0.9591125249862671
1240,Normal,0.9605539441108704
1241,Normal,0.960742712020874
1242,Normal,0.9618464112281799
1243,Normal,0.9618576765060425
1244,Normal,0.9608215093612671
1245,Normal,0.9606591463088989
1246,Normal,0.9596668481826782
1247,Normal,0.9610752463340759
1248,Normal,0.9608342051506042
1249,Normal,0.9608289003372192
1250,Normal,0.9602389335632324
1251,Normal,0.9613407254219055
1252,Normal,0.960735023021698
1253,Normal,0.9600348472595215
1254,Normal,0.959180474281311
1255,Normal,0.9590070247650146
1256,Normal,0.9590743184089661
1257,Normal,0.9603734016418457
1258,Normal,0.9605159163475037
1259,Normal,0.9601601362228394
1260,Normal,0.9602126479148865
1261,Normal,0.9615079760551453
1262,Normal,0.9610087871551514
1263,Normal,0.9609461426734924
1264,Normal,0.9631055593490601
1265,Normal,0.9604198932647705
1266,Normal,0.9609677791595459
1267,Normal,0.9604030847549438
1268,Normal,0.9606631994247437
1269,Normal,0.9604731202125549
1270,Normal,0.9604913592338562
1271,Normal,0.9592398405075073
1272,Normal,0.9595701098442078
1273,Normal,0.959571897983551
1274,Normal,0.9589825868606567
1275,Normal,0.9591237902641296
1276,Normal,0.9602712392807007
1277,Normal,0.961068332195282
1278,Normal,0.9601231813430786
1279,Normal,0.9603652358055115
1280,Normal,0.9614418745040894
1281,Normal,0.9610857367515564
1282,Normal,0.9611020088195801
1283,Normal,0.9614927768707275
1284,Normal,0.9613264799118042
1285,Normal,0.9599542021751404
1286,Normal,0.9599953293800354
1287,Normal,0.9608221650123596
1288,Normal,0.9603299498558044
1289,Normal,0.9598732590675354
1290,Normal,0.9596027135848999
1291,Normal,0.9590179920196533
1292,Normal,0.9591125249862671
1293,Normal,0.9605540633201599
1294,Normal,0.9607428312301636
1295,Normal,0.9618467688560486
1296,Normal,0.9618588089942932
1297,Normal,0.9608221054077148
1298,Normal,0.9606595635414124
1299,Normal,0.9596671462059021
1300,Normal,0.9610744118690491
1301,Normal,0.9608345031738281
1302,Normal,0.9608291387557983
1303,Normal,0.9602391719818115
1304,Normal,0.9613412618637085
1305,Normal,0.9607357978820801
1306,Normal,0.9600353240966797
1307,Normal,0.9591804146766663
1308,Normal,0.9590071439743042
1309,Normal,0.9590746760368347
1310,Normal,0.9603735208511353
1311,Normal,0.960516095161438
1312,Normal,0.9601601362228394
1313,Normal,0.9602128863334656
1314,Normal,0.9615087509155273
1315,Normal,0.9610090851783752
1316,Normal,0.9609461426734924
1317,Normal,0.9631059765815735
1318,Normal,0.9604198932647705
1319,Normal,0.9609672427177429
1320,Normal,0.9604026079177856
1321,Normal,0.9606639742851257
1322,Normal,0.9604734778404236
1323,Normal,0.9604918360710144
1324,Normal,0.9592398405075073
1325,Normal,0.9595703482627869
1326,Normal,0.9595717787742615
1327,Normal,0.9589827060699463
1328,Normal,0.9591237902641296
1329,Normal,0.9602712392807007
1330,Normal,0.9610685706138611
1331,Normal,0.9601234197616577
1332,Normal,0.9603655934333801
1333,Normal,0.9614424109458923
1334,Normal,0.9610860347747803
1335,Normal,0.9611018300056458
1336,Normal,0.9614920020103455
1337,Normal,0.9613265991210938
1338,Normal,0.9599546790122986
1339,Normal,0.9599949717521667
1340,Normal,0.9608229398727417
1341,Normal,0.9603301882743835
1342,Normal,0.959873616695404
1343,Normal,0.9596024751663208
1344,Normal,0.9590182304382324
1345,Normal,0.9591124057769775
1346,Normal,0.9605540633201599
1347,Normal,0.9607428312301636
1348,Normal,0.9618470668792725
1349,Normal,0.9618597626686096
1350,Normal,0.9608224034309387
1351,Normal,0.9606598019599915
1352,Normal,0.9596675038337708
1353,Normal,0.9610736966133118
1354,Normal,0.9608349800109863
1355,Normal,0.9608294367790222
1356,Normal,0.9602394700050354
1357,Normal,0.9613417983055115
1358,Normal,0.9607363343238831
1359,Normal,0.9600356221199036
1360,Normal,0.9591804146766663
1361,Normal,0.9590073227882385
1362,Normal,0.9590749144554138
1363,Normal,0.9603735208511353
1364,Normal,0.960516095161438
1365,Normal,0.9601601362228394
1366,Normal,0.9602131247520447
1367,Normal,0.9615094065666199
1368,Normal,0.9610094428062439
1369,Normal,0.9609462022781372
1370,Normal,0.9631065726280212
1371,Normal,0.9604200124740601
1372,Normal,0.9609668254852295
1373,Normal,0.9604023098945618
1374,Normal,0.9606647491455078
1375,Normal,0.9604737758636475
1376,Normal,0.9604920148849487
1377,Normal,0.9592398405075073
1378,Normal,0.9595704674720764
1379,Normal,0.9595717787742615
1380,Normal,0.9589827656745911
1381,Normal,0.9591237902641296
1382,Normal,0.9602712392807007
1383,Normal,0.9610687494277954
1384,Normal,0.9601234197616577
1385,Normal,0.9603657722473145
1386,Normal,0.9614430665969849
1387,Normal,0.9610862731933594
1388,Normal,0.9611017107963562
1389,Normal,0.9614911079406738
1390,Normal,0.9613267183303833
1391,Normal,0.9599549770355225
1392,Normal,0.9599948525428772
1393,Normal,0.9608237147331238
1394,Normal,0.9603303074836731
1395,Normal,0.9598737955093384
1396,Normal,0.959602415561676
1397,Normal,0.9590182900428772
1398,Normal,0.9591125845909119
1399,Normal,0.9605541825294495
1400,Normal,0.9607429504394531
1401,Normal,0.9618473052978516
1402,Normal,0.9618607759475708
1403,Normal,0.9608229398727417
1404,Normal,0.9606602191925049
1405,Normal,0.9596676826477051
1406,Normal,0.9610730409622192
1407,Normal,0.9608351588249207
1408,Normal,0.9608297944068909
1409,Normal,0.960239589214325
1410,Normal,0.9613423347473145
1411,Normal,0.9607369303703308
1412,Normal,0.9600360989570618
1413,Normal,0.9591802954673767
1414,Normal,0.9590075612068176
1415,Normal,0.9590749144554138
1416,Normal,0.9603738188743591
1417,Normal,0.9605163335800171
1418,Normal,0.9601602554321289
1419,Normal,0.9602134227752686
1420,Normal,0.9615100622177124
1421,Normal,0.9610096216201782
1422,Normal,0.9609463214874268
1423,Normal,0.9631068706512451
1424,Normal,0.9604200124740601
1425,Normal,0.9609662890434265
1426,Normal,0.9604020714759827
1427,Normal,0.9606654047966003
1428,Normal,0.9604740142822266
1429,Normal,0.9604923725128174
1430,Normal,0.9592398405075073
1431,Normal,0.9595707654953003
1432,Normal,0.9595715403556824
1433,Normal,0.9589828848838806
1434,Normal,0.9591240286827087
1435,Normal,0.9602712392807007
1436,Normal,0.9610689878463745
1437,Normal,0.9601234197616577
1438,Normal,0.9603657722473145
1439,Normal,0.9614436030387878
1440,Normal,0.961086630821228
1441,Normal,0.9611014723777771
1442,Normal,0.9614904522895813
1443,Normal,0.9613269567489624
1444,Normal,0.9599553346633911
1445,Normal,0.9599946737289429
1446,Normal,0.9608246088027954
1447,Normal,0.9603304266929626
1448,Normal,0.9598743915557861
1449,Normal,0.9596021771430969
1450,Normal,0.9590182900428772
1451,Normal,0.9591125249862671
1452,Normal,0.9605541825294495
1453,Normal,0.9607431888580322
1454,Normal,0.9618475437164307
1455,Normal,0.9618615508079529
1456,Normal,0.9608231782913208
1457,Normal,0.960660457611084
1458,Normal,0.9596680402755737
1459,Normal,0.9610725045204163
1460,Normal,0.9608355164527893
1461,Normal,0.9608299732208252
1462,Normal,0.960239827632904
1463,Normal,0.9613428115844727
1464,Normal,0.9607374668121338
1465,Normal,0.9600363969802856
1466,Normal,0.9591800570487976
1467,Normal,0.9590077996253967
1468,Normal,0.9590750932693481
1469,Normal,0.9603738188743591
1470,Normal,0.9605164527893066
1471,Normal,0.9601601362228394
1472,Normal,0.9602136611938477
1473,Normal,0.9615105986595154
1474,Normal,0.9610099792480469
1475,Normal,0.9609464406967163
1476,Normal,0.9631073474884033
1477,Normal,0.9604201316833496
1478,Normal,0.9609658122062683
1479,Normal,0.9604016542434692
1480,Normal,0.9606660604476929
1481,Normal,0.9604743123054504
1482,Normal,0.9604924917221069
1483,Normal,0.9592399597167969
1484,Normal,0.9595708847045898
1485,Normal,0.9595714211463928
1486,Normal,0.9589828848838806
1487,Normal,0.9591240286827087
1488,Normal,0.9602712392807007
1489,Normal,0.9610692262649536
1490,Normal,0.9601236581802368
1491,Normal,0.9603660106658936
1492,Normal,0.9614441394805908
1493,Normal,0.9610868096351624
1494,Normal,0.961101233959198
1495,Normal,0.9614895582199097
1496,Normal,0.9613270163536072
1497,Normal,0.9599555730819702
1498,Normal,0.9599944353103638
1499,Normal,0.9608252644538879
1500,Normal,0.9603307247161865
1501,Normal,0.9598745703697205
1502,Normal,0.9596021771430969
1503,Normal,0.9590186476707458
1504,Normal,0.9591125249862671
1505,Normal,0.9605544805526733
1506,Normal,0.9607431888580322
1507,Normal,0.9618478417396545
1508,Normal,0.9618624448776245
1509,Normal,0.9608235359191895
1510,Normal,0.9606606364250183
1511,Normal,0.9596682786941528
1512,Normal,0.9610719680786133
1513,Normal,0.9608356356620789
1514,Normal,0.9608303308486938
1515,Normal,0.9602401256561279
1516,Normal,0.9613433480262756
1517,Normal,0.9607378840446472
1518,Normal,0.9600367546081543
1519,Normal,0.9591799378395081
1520,Normal,0.9590077996253967
1521,Normal,0.9590752124786377
1522,Normal,0.9603740572929382
1523,Normal,0.9605165719985962
1524,Normal,0.9601601362228394
1525,Normal,0.9602138996124268
1526,Normal,0.9615111351013184
1527,Normal,0.961010217666626
1528,Normal,0.9609464406967163
1529,Normal,0.9631076455116272
1530,Normal,0.9604202508926392
1531,Normal,0.9609653949737549
1532,Normal,0.9604014158248901
1533,Normal,0.9606667160987854
1534,Normal,0.9604745507240295
1535,Normal,0.9604927897453308
1536,Normal,0.9592399597167969
1537,Normal,0.959571123123169
1538,Normal,0.9595713019371033
1539,Normal,0.9589830040931702
1540,Normal,0.9591240286827087
1541,Normal,0.9602712392807007
1542,Normal,0.9610694050788879
1543,Normal,0.9601237773895264
1544,Normal,0.9603661298751831
1545,Normal,0.9614447355270386
1546,Normal,0.9610870480537415
1547,Normal,0.9611009359359741
1548,Normal,0.9614890217781067
1549,Normal,0.9613271355628967
1550,Normal,0.9599558711051941
1551,Normal,0.9599941968917847
1552,Normal,0.9608258008956909
1553,Normal,0.9603308439254761
1554,Normal,0.9598748087882996
1555,Normal,0.9596019387245178
1556,Normal,0.9590186476707458
1557,Normal,0.9591125845909119
1558,Normal,0.9605545997619629
1559,Normal,0.9607431888580322
1560,Normal,0.9618480801582336
1561,Normal,0.9618632197380066
1562,Normal,0.9608237147331238
1563,Normal,0.960660994052887
1564,Normal,0.9596684575080872
1565,Normal,0.9610714912414551
1566,Normal,0.9608359336853027
1567,Normal,0.960830569267273
1568,Normal,0.9602402448654175
1569,Normal,0.9613436460494995
1570,Normal,0.9607383608818054
1571,Normal,0.9600369334220886
1572,Normal,0.9591799378395081
1573,Normal,0.9590080380439758
1574,Normal,0.9590753316879272
1575,Normal,0.9603740572929382
1576,Normal,0.9605166912078857
1577,Normal,0.9601602554321289
1578,Normal,0.9602138996124268
1579,Normal,0.9615116119384766
1580,Normal,0.9610105156898499
1581,Normal,0.9609465599060059
1582,Normal,0.9631080031394958
1583,Normal,0.9604202508926392
1584,Normal,0.9609649181365967
1585,Normal,0.9604012966156006
1586,Normal,0.9606671333312988
1587,Normal,0.9604747891426086
1588,Normal,0.9604930281639099
1589,Normal,0.9592399597167969
1590,Normal,0.9595711827278137
1591,Normal,0.9595713019371033
1592,Normal,0.9589831233024597
1593,Normal,0.9591239094734192
1594,Normal,0.9602712392807007
1595,Normal,0.9610695242881775
1596,Normal,0.9601237773895264
1597,Normal,0.9603663682937622
1598,Normal,0.961445152759552
1599,Normal,0.961087167263031
1600,Normal,0.9611008167266846
1601,Normal,0.9614883661270142
1602,Normal,0.9613272547721863
1603,Normal,0.9599559903144836
1604,Normal,0.9599940180778503
1605,Normal,0.9608263969421387
1606,Normal,0.9603310823440552
1607,Normal,0.9598751664161682
1608,Normal,0.9596019387245178
1609,Normal,0.9590187668800354
1610,Normal,0.9591125845909119
1611,Normal,0.9605545997619629
1612,Normal,0.9607433080673218
1613,Normal,0.9618481993675232
1614,Normal,0.9618639349937439
1615,Normal,0.9608240723609924
1616,Normal,0.9606612324714661
1617,Normal,0.9596686959266663
1618,Normal,0.9610709547996521
1619,Normal,0.9608364105224609
1620,Normal,0.9608307480812073
1621,Normal,0.9602406024932861
1622,Normal,0.9613442420959473
1623,Normal,0.9607388973236084
1624,Normal,0.9600372910499573
1625,Normal,0.9591799378395081
1626,Normal,0.9590082168579102
1627,Normal,0.9590754508972168
1628,Normal,0.9603741765022278
1629,Normal,0.9605168104171753
1630,Normal,0.9601602554321289
1631,Normal,0.9602141976356506
1632,Normal,0.96151202917099
1633,Normal,0.961010754108429
1634,Normal,0.9609465599060059
1635,Normal,0.9631084203720093
1636,Normal,0.9604202508926392
1637,Normal,0.9609646201133728
1638,Normal,0.9604009985923767
1639,Normal,0.9606677889823914
1640,Normal,0.9604749083518982
1641,Normal,0.960493266582489
1642,Normal,0.9592399597167969
1643,Normal,0.9595713019371033
1644,Normal,0.9595711827278137
1645,Normal,0.9589832425117493
1646,Normal,0.9591239094734192
1647,Normal,0.9602712392807007
1648,Normal,0.9610697627067566
1649,Normal,0.9601238965988159
1650,Normal,0.9603664875030518
1651,Normal,0.9614455699920654
1652,Normal,0.9610874652862549
1653,Normal,0.961100697517395
1654,Normal,0.9614878296852112
1655,Normal,0.9613273739814758
1656,Normal,0.9599562287330627
1657,Normal,0.9599938988685608
1658,Normal,0.9608269333839417
1659,Normal,0.9603311419487
1660,Normal,0.959875226020813
1661,Normal,0.9596017003059387
1662,Normal,0.959018886089325
1663,Normal,0.9591125249862671
1664,Normal,0.9605545997619629
1665,Normal,0.9607434272766113
1666,Normal,0.9618483185768127
1667,Normal,0.9618645310401917
1668,Normal,0.9608242511749268
1669,Normal,0.9606614112854004
1670,Normal,0.9596689343452454
1671,Normal,0.9610706567764282
1672,Normal,0.9608364701271057
1673,Normal,0.9608308672904968
1674,Normal,0.9602406024932861
1675,Normal,0.9613444209098816
1676,Normal,0.9607391953468323
1677,Normal,0.9600375294685364
1678,Normal,0.9591799378395081
1679,Normal,0.9590083360671997
1680,Normal,0.9590755701065063
1681,Normal,0.9603742957115173
1682,Normal,0.9605168700218201
1683,Normal,0.9601602554321289
1684,Normal,0.9602143168449402
1685,Normal,0.9615126848220825
1686,Normal,0.9610109925270081
1687,Normal,0.9609466791152954
1688,Normal,0.9631087779998779
1689,Normal,0.9604202508926392
1690,Normal,0.9609643816947937
1691,Normal,0.9604007601737976
1692,Normal,0.9606682658195496
1693,Normal,0.9604752063751221
1694,Normal,0.9604934453964233
1695,Normal,0.9592399597167969
1696,Normal,0.9595715403556824
1697,Normal,0.959571123123169
1698,Normal,0.9589832425117493
1699,Normal,0.9591239094734192
1700,Normal,0.9602711200714111
1701,Normal,0.9610700011253357
1702,Normal,0.9601239562034607
1703,Normal,0.9603664875030518
1704,Normal,0.9614459276199341
1705,Normal,0.9610875844955444
1706,Normal,0.9611004590988159
1707,Normal,0.9614872336387634
1708,Normal,0.9613274931907654
1709,Normal,0.9599564075469971
1710,Normal,0.9599937796592712
1711,Normal,0.9608275890350342
1712,Normal,0.9603312611579895
1713,Normal,0.9598753452301025
1714,Normal,0.9596017003059387
1715,Normal,0.959018886089325
1716,Normal,0.9591125249862671
1717,Normal,0.9605547189712524
1718,Normal,0.9607434868812561
1719,Normal,0.9618486166000366
1720,Normal,0.9618653059005737
1721,Normal,0.9608244895935059
1722,Normal,0.9606615304946899
1723,Normal,0.9596691131591797
1724,Normal,0.9610700607299805
1725,Normal,0.9608367085456848
1726,Normal,0.9608311057090759
1727,Normal,0.9602407813072205
1728,Normal,0.9613447785377502
1729,Normal,0.9607395529747009
1730,Normal,0.9600377082824707
1731,Normal,0.9591797590255737
1732,Normal,0.9590084552764893
1733,Normal,0.9590757489204407
1734,Normal,0.9603743553161621
1735,Normal,0.9605169892311096
1736,Normal,0.9601602554321289
1737,Normal,0.9602145552635193
1738,Normal,0.9615129232406616
1739,Normal,0.9610111713409424
1740,Normal,0.960946798324585
1741,Normal,0.9631089568138123
1742,Normal,0.9604204297065735
1743,Normal,0.9609639644622803
1744,Normal,0.9604006409645081
1745,Normal,0.960668683052063
1746,Normal,0.9604753255844116
1747,Normal,0.9604936838150024
1748,Normal,0.9592398405075073
1749,Normal,0.9595716595649719
1750,Normal,0.9595710039138794
1751,Normal,0.9589833617210388
1752,Normal,0.9591239094734192
1753,Normal,0.9602711200714111
1754,Normal,0.9610700607299805
1755,Normal,0.9601239562034607
1756,Normal,0.9603665471076965
1757,Normal,0.9614464640617371
1758,Normal,0.9610878229141235
1759,Normal,0.9611004590988159
1760,Normal,0.96148681640625
1761,Normal,0.9613274931907654
1762,Normal,0.9599566459655762
1763,Normal,0.9599935412406921
1764,Normal,0.9608278870582581
1765,Normal,0.960331380367279
1766,Normal,0.9598755836486816
1767,Normal,0.9596015214920044
1768,Normal,0.959018886089325
1769,Normal,0.9591125845909119
1770,Normal,0.9605547189712524
1771,Normal,0.9607436060905457
1772,Normal,0.9618487358093262
1773,Normal,0.9618658423423767
1774,Normal,0.960824728012085
1775,Normal,0.9606618881225586
1776,Normal,0.9596692323684692
1777,Normal,0.9610697627067566
1778,Normal,0.9608368277549744
1779,Normal,0.960831344127655
1780,Normal,0.96024090051651
1781,Normal,0.9613451361656189
1782,Normal,0.9607399702072144
1783,Normal,0.9600380659103394
1784,Normal,0.9591797590255737
1785,Normal,0.9590085744857788
1786,Normal,0.9590757489204407
1787,Normal,0.9603743553161621
1788,Normal,0.9605171084403992
1789,Normal,0.9601602554321289
1790,Normal,0.9602146744728088
1791,Normal,0.9615132808685303
1792,Normal,0.9610111713409424
1793,Normal,0.960946798324585
1794,Normal,0.9631093144416809
1795,Normal,0.9604204297065735
1796,Normal,0.9609636068344116
1797,Normal,0.9604004621505737
1798,Normal,0.9606691598892212
1799,Normal,0.9604754447937012
1800,Normal,0.9604939222335815
1801,Normal,0.9592398405075073
1802,Normal,0.9595717787742615
1803,Normal,0.9595710039138794
1804,Normal,0.9589833617210388
1805,Normal,0.9591239094734192
1806,Normal,0.9602711200714111
1807,Normal,0.96107017993927
1808,Normal,0.9601240754127502
1809,Normal,0.9603666663169861
1810,Normal,0.9614468216896057
1811,Normal,0.9610880613327026
1812,Normal,0.9611002802848816
1813,Normal,0.9614863395690918
1814,Normal,0.9613276720046997
1815,Normal,0.9599567651748657
1816,Normal,0.9599934220314026
1817,Normal,0.9608284831047058
1818,Normal,0.9603314995765686
1819,Normal,0.9598758816719055
1820,Normal,0.9596015214920044
1821,Normal,0.9590190649032593
1822,Normal,0.9591125845909119
1823,Normal,0.9605547189712524
1824,Normal,0.9607436060905457
1825,Normal,0.9618487358093262
1826,Normal,0.9618663787841797
1827,Normal,0.9608249664306641
1828,Normal,0.9606620073318481
1829,Normal,0.9596694707870483
1830,Normal,0.9610693454742432
1831,Normal,0.9608370661735535
1832,Normal,0.9608315229415894
1833,Normal,0.9602411389350891
1834,Normal,0.9613453149795532
1835,Normal,0.9607402086257935
1836,Normal,0.9600382447242737
1837,Normal,0.9591797590255737
1838,Normal,0.9590085744857788
1839,Normal,0.9590759873390198
1840,Normal,0.9603743553161621
1841,Normal,0.9605169892311096
1842,Normal,0.9601603746414185
1843,Normal,0.9602147340774536
1844,Normal,0.9615136981010437
1845,Normal,0.961011528968811
1846,Normal,0.960946798324585
1847,Normal,0.96310955286026
1848,Normal,0.9604204297065735
1849,Normal,0.9609634280204773
1850,Normal,0.9604003429412842
1851,Normal,0.9606694579124451
1852,Normal,0.9604756236076355
1853,Normal,0.9604941010475159
1854,Normal,0.9592398405075073
1855,Normal,0.959571897983551
1856,Normal,0.9595708847045898
1857,Normal,0.9589835405349731
1858,Normal,0.9591239094734192
1859,Normal,0.9602711200714111
1860,Normal,0.9610702991485596
1861,Normal,0.9601241946220398
1862,Normal,0.9603669047355652
1863,Normal,0.9614471197128296
1864,Normal,0.9610881209373474
1865,Normal,0.961100161075592
1866,Normal,0.9614859223365784
1867,Normal,0.9613279104232788
1868,Normal,0.9599570631980896
1869,Normal,0.9599932432174683
1870,Normal,0.9608287811279297
1871,Normal,0.9603314995765686
1872,Normal,0.9598758816719055
1873,Normal,0.9596014022827148
1874,Normal,0.9590190649032593
1875,Normal,0.9591125845909119
1876,Normal,0.960554838180542
1877,Normal,0.9607436060905457
1878,Normal,0.9618489742279053
1879,Normal,0.9618669152259827
1880,Normal,0.9608251452445984
1881,Normal,0.9606620669364929
1882,Normal,0.9596695899963379
1883,Normal,0.9610689878463745
1884,Normal,0.9608372449874878
1885,Normal,0.9608315229415894
1886,Normal,0.9602412581443787
1887,Normal,0.9613456726074219
1888,Normal,0.9607405662536621
1889,Normal,0.9600383639335632
1890,Normal,0.9591797590255737
1891,Normal,0.9590086936950684
1892,Normal,0.9590759873390198
1893,Normal,0.9603744745254517
1894,Normal,0.9605171084403992
1895,Normal,0.9601603746414185
1896,Normal,0.9602148532867432
1897,Normal,0.9615141153335571
1898,Normal,0.9610117077827454
1899,Normal,0.9609469175338745
1900,Normal,0.9631098508834839
1901,Normal,0.9604204297065735
1902,Normal,0.9609630703926086
1903,Normal,0.9604001045227051
1904,Normal,0.9606698751449585
1905,Normal,0.960475742816925
1906,Normal,0.9604941010475159
1907,Normal,0.9592398405075073
1908,Normal,0.959571897983551
1909,Normal,0.9595707654953003
1910,Normal,0.9589835405349731
1911,Normal,0.9591239094734192
1912,Normal,0.9602711200714111
1913,Normal,0.9610704183578491
1914,Normal,0.9601241946220398
1915,Normal,0.9603669047355652
1916,Normal,0.9614474773406982
1917,Normal,0.9610881209373474
1918,Normal,0.9611000418663025
1919,Normal,0.9614855051040649
1920,Normal,0.9613277912139893
1921,Normal,0.9599570631980896
1922,Normal,0.9599932432174683
1923,Normal,0.9608292579650879
1924,Normal,0.9603317379951477
1925,Normal,0.9598761200904846
1926,Normal,0.9596014022827148
1927,Normal,0.9590190649032593
1928,Normal,0.9591125845909119
1929,Normal,0.960554838180542
1930,Normal,0.9607438445091248
1931,Normal,0.9618490934371948
1932,Normal,0.9618673920631409
1933,Normal,0.9608253836631775
1934,Normal,0.960662305355072
1935,Normal,0.9596697688102722
1936,Normal,0.9610686302185059
1937,Normal,0.9608372449874878
1938,Normal,0.9608317613601685
1939,Normal,0.9602413773536682
1940,Normal,0.9613458514213562
1941,Normal,0.9607407450675964
1942,Normal,0.9600384831428528
1943,Normal,0.9591797590255737
1944,Normal,0.9590086936950684
1945,Normal,0.9590759873390198
1946,Normal,0.9603744745254517
1947,Normal,0.9605173468589783
1948,Normal,0.9601603746414185
1949,Normal,0.9602150917053223
1950,Normal,0.9615144729614258
1951,Normal,0.9610118269920349
1952,Normal,0.9609469175338745
1953,Normal,0.9631099700927734
1954,Normal,0.9604206681251526
1955,Normal,0.9609629511833191
1956,Normal,0.960399866104126
1957,Normal,0.9606702327728271
1958,Normal,0.9604759812355042
1959,Normal,0.9604942202568054
1960,Normal,0.9592398405075073
1961,Normal,0.9595720767974854
1962,Normal,0.9595707654953003
1963,Normal,0.9589835405349731
1964,Normal,0.9591239094734192
1965,Normal,0.9602711200714111
1966,Normal,0.9610706567764282
1967,Normal,0.9601241946220398
1968,Normal,0.9603670239448547
1969,Normal,0.9614477157592773
1970,Normal,0.9610884785652161
1971,Normal,0.9611000418663025
1972,Normal,0.9614851474761963
1973,Normal,0.9613280296325684
1974,Normal,0.9599573016166687
1975,Normal,0.9599931240081787
1976,Normal,0.9608296751976013
1977,Normal,0.9603318572044373
1978,Normal,0.9598762392997742
1979,Normal,0.9596012830734253
1980,Normal,0.9590190649032593
1981,Normal,0.9591125845909119
1982,Normal,0.960554838180542
1983,Normal,0.9607438445091248
1984,Normal,0.9618490934371948
1985,Normal,0.9618676900863647
1986,Normal,0.960825502872467
1987,Normal,0.9606624245643616
1988,Normal,0.9596698880195618
1989,Normal,0.961068332195282
1990,Normal,0.9608376026153564
1991,Normal,0.960831880569458
1992,Normal,0.9602414965629578
1993,Normal,0.9613462090492249
1994,Normal,0.9607412219047546
1995,Normal,0.9600388407707214
1996,Normal,0.9591795206069946
1997,Normal,0.9590089917182922
1998,Normal,0.9590761065483093
1999,Normal,0.9603744745254517
2000,Normal,0.9605173468589783
2001,Normal,0.9601602554321289
2002,Normal,0.9602150917053223
2003,Normal,0.9615147113800049
2004,Normal,0.9610119462013245
2005,Normal,0.9609469771385193
2006,Normal,0.9631103277206421
2007,Normal,0.9604206681251526
2008,Normal,0.9609627723693848
2009,Normal,0.9603996872901917
2010,Normal,0.9606704711914062
2011,Normal,0.9604761004447937
2012,Normal,0.9604944586753845
2013,Normal,0.9592398405075073
2014,Normal,0.9595720767974854
2015,Normal,0.9595706462860107
2016,Normal,0.9589835405349731
2017,Normal,0.9591239094734192
2018,Normal,0.9602710604667664
2019,Normal,0.9610706567764282
2020,Normal,0.9601241946220398
2021,Normal,0.9603671431541443
2022,Normal,0.9614480137825012
2023,Normal,0.9610884785652161
2024,Normal,0.9610999226570129
2025,Normal,0.9614847302436829
2026,Normal,0.9613280296325684
2027,Normal,0.9599574208259583
2028,Normal,0.9599928855895996
2029,Normal,0.9608300924301147
2030,Normal,0.9603318572044373
2031,Normal,0.9598763585090637
2032,Normal,0.9596012830734253
2033,Normal,0.9590193033218384
2034,Normal,0.9591125845909119
2035,Normal,0.960554838180542
2036,Normal,0.9607439637184143
2037,Normal,0.9618492722511292
2038,Normal,0.9618682861328125
2039,Normal,0.9608256816864014
2040,Normal,0.9606626629829407
2041,Normal,0.9596698880195618
2042,Normal,0.9610680937767029
2043,Normal,0.960837721824646
2044,Normal,0.9608321189880371
2045,Normal,0.9602416753768921
2046,Normal,0.961346447467804
2047,Normal,0.9607415199279785
2048,Normal,0.9600389003753662
2049,Normal,0.9591795206069946
2050,Normal,0.9590089917182922
2051,Normal,0.9590761065483093
2052,Normal,0.9603747129440308
2053,Normal,0.9605173468589783
2054,Normal,0.9601603746414185
2055,Normal,0.9602153301239014
2056,Normal,0.9615150094032288
2057,Normal,0.961012065410614
2058,Normal,0.9609469771385193
2059,Normal,0.9631105065345764
2060,Normal,0.9604207873344421
2061,Normal,0.9609624147415161
2062,Normal,0.9603995680809021
2063,Normal,0.9606708884239197
2064,Normal,0.9604762196540833
2065,Normal,0.9604945778846741
2066,Normal,0.9592398405075073
2067,Normal,0.9595720767974854
2068,Normal,0.9595705270767212
2069,Normal,0.9589835405349731
2070,Normal,0.9591240286827087
2071,Normal,0.9602710604667664
2072,Normal,0.9610708355903625
2073,Normal,0.9601241946220398
2074,Normal,0.9603672027587891
2075,Normal,0.9614483714103699
2076,Normal,0.9610887169837952
2077,Normal,0.9610998034477234
2078,Normal,0.9614843726158142
2079,Normal,0.9613281488418579
2080,Normal,0.9599575400352478
2081,Normal,0.9599928855895996
2082,Normal,0.9608303308486938
2083,Normal,0.960331916809082
2084,Normal,0.9598766565322876
2085,Normal,0.9596011638641357
2086,Normal,0.9590193033218384
2087,Normal,0.9591125845909119
2088,Normal,0.960554838180542
2089,Normal,0.9607439637184143
2090,Normal,0.9618493914604187
2091,Normal,0.9618687033653259
2092,Normal,0.9608256816864014
2093,Normal,0.9606626629829407
2094,Normal,0.9596700072288513
2095,Normal,0.961067795753479
2096,Normal,0.960837721824646
2097,Normal,0.9608321189880371
2098,Normal,0.9602416753768921
2099,Normal,0.9613466262817383
2100,Normal,0.9607417583465576
2101,Normal,0.9600390195846558
2102,Normal,0.9591794013977051
2103,Normal,0.9590089917182922
2104,Normal,0.9590762257575989
2105,Normal,0.9603747129440308
2106,Normal,0.9605174660682678
2107,Normal,0.9601603746414185
2108,Normal,0.9602153897285461
2109,Normal,0.9615153670310974
2110,Normal,0.9610121846199036
2111,Normal,0.9609470963478088
2112,Normal,0.9631107449531555
2113,Normal,0.9604207873344421
2114,Normal,0.960962176322937
2115,Normal,0.9603995680809021
2116,Normal,0.9606711268424988
2117,Normal,0.9604763388633728
2118,Normal,0.9604945778846741
2119,Normal,0.9592398405075073
2120,Normal,0.959572434425354
2121,Normal,0.9595705270767212
2122,Normal,0.9589835405349731
2123,Normal,0.9591240286827087
2124,Normal,0.9602710604667664
2125,Normal,0.9610709547996521
2126,Normal,0.9601244330406189
2127,Normal,0.9603672027587891
2128,Normal,0.9614485502243042
2129,Normal,0.9610887169837952
2130,Normal,0.9610996246337891
2131,Normal,0.9614841341972351
2132,Normal,0.9613281488418579
2133,Normal,0.9599576592445374
2134,Normal,0.9599926471710205
2135,Normal,0.9608307480812073
2136,Normal,0.9603320360183716
2137,Normal,0.9598766565322876
2138,Normal,0.9596011638641357
2139,Normal,0.9590193033218384
2140,Normal,0.9591125845909119
2141,Normal,0.960554838180542
2142,Normal,0.9607440829277039
2143,Normal,0.9618495106697083
2144,Normal,0.9618690609931946
2145,Normal,0.96082603931427
2146,Normal,0.960662841796875
2147,Normal,0.9596702456474304
2148,Normal,0.9610675573348999
2149,Normal,0.9608378410339355
2150,Normal,0.9608322978019714
2151,Normal,0.9602419137954712
2152,Normal,0.9613468647003174
2153,Normal,0.9607419967651367
2154,Normal,0.9600391387939453
2155,Normal,0.9591794013977051
2156,Normal,0.9590091109275818
2157,Normal,0.9590763449668884
2158,Normal,0.9603747129440308
2159,Normal,0.9605174660682678
2160,Normal,0.9601603746414185
2161,Normal,0.9602156281471252
2162,Normal,0.961515486240387
2163,Normal,0.9610123038291931
2164,Normal,0.9609470963478088
2165,Normal,0.9631108641624451
2166,Normal,0.9604207873344421
2167,Normal,0.9609620571136475
2168,Normal,0.960399329662323
2169,Normal,0.9606714248657227
2170,Normal,0.9604763388633728
2171,Normal,0.9604947566986084
2172,Normal,0.9592398405075073
2173,Normal,0.959572434425354
2174,Normal,0.9595705270767212
2175,Normal,0.9589836597442627
2176,Normal,0.9591240286827087
2177,Normal,0.9602710604667664
2178,Normal,0.9610709547996521
2179,Normal,0.9601244330406189
2180,Normal,0.9603673219680786
2181,Normal,0.9614489078521729
2182,Normal,0.9610888957977295
2183,Normal,0.9610995054244995
2184,Normal,0.9614835977554321
2185,Normal,0.9613281488418579
2186,Normal,0.9599578380584717
2187,Normal,0.9599925875663757
2188,Normal,0.9608309864997864
2189,Normal,0.9603320360183716
2190,Normal,0.9598767757415771
2191,Normal,0.9596010446548462
2192,Normal,0.9590193033218384
2193,Normal,0.9591127038002014
2194,Normal,0.960554838180542
2195,Normal,0.9607439637184143
2196,Normal,0.9618496298789978
2197,Normal,0.961869478225708
2198,Normal,0.96082603931427
2199,Normal,0.9606629610061646
2200,Normal,0.95967036485672
2201,Normal,0.9610671997070312
2202,Normal,0.9608381390571594
2203,Normal,0.9608322978019714
2204,Normal,0.9602419137954712
2205,Normal,0.961347222328186
2206,Normal,0.9607422947883606
2207,Normal,0.9600392580032349
2208,Normal,0.9591792821884155
2209,Normal,0.9590092301368713
2210,Normal,0.9590763449668884
2211,Normal,0.9603748321533203
2212,Normal,0.9605175256729126
2213,Normal,0.9601603746414185
2214,Normal,0.9602156281471252
2215,Normal,0.9615156650543213
2216,Normal,0.9610124826431274
2217,Normal,0.9609470963478088
2218,Normal,0.9631111025810242
2219,Normal,0.9604209065437317
2220,Normal,0.9609617590904236
2221,Normal,0.9603992104530334
2222,Normal,0.9606717824935913
2223,Normal,0.9604763984680176
2224,Normal,0.960494875907898
2225,Normal,0.9592399597167969
2226,Normal,0.959572434425354
2227,Normal,0.9595704674720764
2228,Normal,0.9589836597442627
2229,Normal,0.9591240286827087
2230,Normal,0.9602710604667664
2231,Normal,0.9610710740089417
2232,Normal,0.9601244330406189
2233,Normal,0.9603674411773682
2234,Normal,0.9614490270614624
2235,Normal,0.961089015007019
2236,Normal,0.9610995054244995
2237,Normal,0.9614834189414978
2238,Normal,0.9613282680511475
2239,Normal,0.9599578380584717
2240,Normal,0.9599924683570862
2241,Normal,0.9608312249183655
2242,Normal,0.9603320360183716
2243,Normal,0.9598768949508667
2244,Normal,0.9596009850502014
2245,Normal,0.9590193033218384
2246,Normal,0.9591125845909119
2247,Normal,0.960554838180542
2248,Normal,0.9607439637184143
2249,Normal,0.9618496298789978
2250,Normal,0.9618698358535767
2251,Normal,0.9608262777328491
2252,Normal,0.9606630802154541
2253,Normal,0.9596705436706543
2254,Normal,0.9610671401023865
2255,Normal,0.9608381390571594
2256,Normal,0.9608325362205505
2257,Normal,0.9602419137954712
2258,Normal,0.9613472819328308
2259,Normal,0.9607424139976501
2260,Normal,0.960039496421814
2261,Normal,0.9591792821884155
2262,Normal,0.9590092301368713
2263,Normal,0.9590763449668884
2264,Normal,0.9603748321533203
2265,Normal,0.9605176448822021
2266,Normal,0.9601603746414185
2267,Normal,0.9602156281471252
2268,Normal,0.9615159034729004
2269,Normal,0.9610124826431274
2270,Normal,0.9609470963478088
2271,Normal,0.9631112813949585
2272,Normal,0.9604209065437317
2273,Normal,0.960961639881134
2274,Normal,0.9603990912437439
2275,Normal,0.9606719017028809
2276,Normal,0.9604766368865967
2277,Normal,0.9604949951171875
2278,Normal,0.9592399597167969
2279,Normal,0.9595725536346436
2280,Normal,0.9595704674720764
2281,Normal,0.9589836597442627
2282,Normal,0.9591240286827087
2283,Normal,0.9602710604667664
2284,Normal,0.9610710740089417
2285,Normal,0.9601244330406189
2286,Normal,0.9603675603866577
2287,Normal,0.9614492058753967
2288,Normal,0.961089015007019
2289,Normal,0.96109938621521
2290,Normal,0.9614830613136292
2291,Normal,0.9613282680511475
2292,Normal,0.9599580764770508
2293,Normal,0.9599924683570862
2294,Normal,0.9608316421508789
2295,Normal,0.9603322744369507
2296,Normal,0.9598770141601562
2297,Normal,0.9596009850502014
2298,Normal,0.9590195417404175
2299,Normal,0.9591125845909119
2300,Normal,0.960554838180542
2301,Normal,0.9607440829277039
2302,Normal,0.9618498682975769
2303,Normal,0.961870014667511
2304,Normal,0.9608263969421387
2305,Normal,0.9606630802154541
2306,Normal,0.9596704244613647
2307,Normal,0.9610667824745178
2308,Normal,0.9608381390571594
2309,Normal,0.9608326554298401
2310,Normal,0.9602421522140503
2311,Normal,0.9613474011421204
2312,Normal,0.9607426524162292
2313,Normal,0.9600396156311035
2314,Normal,0.9591792821884155
2315,Normal,0.9590092301368713
2316,Normal,0.9590763449668884
2317,Normal,0.9603748321533203
2318,Normal,0.9605177640914917
2319,Normal,0.9601604342460632
2320,Normal,0.9602158665657043
2321,Normal,0.961516261100769
2322,Normal,0.9610127210617065
2323,Normal,0.9609472155570984
2324,Normal,0.9631115198135376
2325,Normal,0.9604209065437317
2326,Normal,0.9609614014625549
2327,Normal,0.9603989124298096
2328,Normal,0.9606721997261047
2329,Normal,0.9604767560958862
2330,Normal,0.960495114326477
2331,Normal,0.9592399597167969
2332,Normal,0.9595726132392883
2333,Normal,0.9595703482627869
2334,Normal,0.9589836597442627
2335,Normal,0.9591240286827087
2336,Normal,0.9602709412574768
2337,Normal,0.9610711932182312
2338,Normal,0.9601244330406189
2339,Normal,0.9603674411773682
2340,Normal,0.9614494442939758
2341,Normal,0.9610891342163086
2342,Normal,0.9610992670059204
2343,Normal,0.9614829421043396
2344,Normal,0.9613282680511475
2345,Normal,0.9599580764770508
2346,Normal,0.9599923491477966
2347,Normal,0.960831880569458
2348,Normal,0.9603322744369507
2349,Normal,0.9598771333694458
2350,Normal,0.9596009850502014
2351,Normal,0.9590195417404175
2352,Normal,0.9591125845909119
2353,Normal,0.960554838180542
2354,Normal,0.9607440829277039
2355,Normal,0.9618498682975769
2356,Normal,0.9618704915046692
2357,Normal,0.9608264565467834
2358,Normal,0.9606631994247437
2359,Normal,0.9596705436706543
2360,Normal,0.9610665440559387
2361,Normal,0.960838258266449
2362,Normal,0.9608327746391296
2363,Normal,0.9602421522140503
2364,Normal,0.961347758769989
2365,Normal,0.9607428312301636
2366,Normal,0.9600396752357483
2367,Normal,0.9591792821884155
2368,Normal,0.9590092301368713
2369,Normal,0.9590764045715332
2370,Normal,0.9603748321533203
2371,Normal,0.9605177640914917
2372,Normal,0.9601604342460632
2373,Normal,0.9602158665657043
2374,Normal,0.9615164399147034
2375,Normal,0.9610127210617065
2376,Normal,0.9609472155570984
2377,Normal,0.9631116390228271
2378,Normal,0.9604209065437317
2379,Normal,0.9609612226486206
2380,Normal,0.9603989124298096
2381,Normal,0.9606724381446838
2382,Normal,0.9604767560958862
2383,Normal,0.9604952335357666
2384,Normal,0.9592399597167969
2385,Normal,0.9595726132392883
2386,Normal,0.9595703482627869
2387,Normal,0.9589837789535522
2388,Normal,0.9591240286827087
2389,Normal,0.9602709412574768
2390,Normal,0.9610713124275208
2391,Normal,0.9601244330406189
2392,Normal,0.9603676795959473
2393,Normal,0.9614498019218445
2394,Normal,0.9610892534255981
2395,Normal,0.9610992670059204
2396,Normal,0.9614825248718262
2397,Normal,0.961328387260437
2398,Normal,0.9599580764770508
2399,Normal,0.9599922299385071
2400,Normal,0.9608321189880371
2401,Normal,0.9603323936462402
2402,Normal,0.9598772525787354
2403,Normal,0.9596009850502014
2404,Normal,0.9590195417404175
2405,Normal,0.9591125845909119
2406,Normal,0.960554838180542
2407,Normal,0.9607442617416382
2408,Normal,0.9618499279022217
2409,Normal,0.9618707895278931
2410,Normal,0.960826575756073
2411,Normal,0.9606634378433228
2412,Normal,0.9596707820892334
2413,Normal,0.9610663652420044
2414,Normal,0.9608384966850281
2415,Normal,0.9608327746391296
2416,Normal,0.9602422118186951
2417,Normal,0.961347758769989
2418,Normal,0.9607430696487427
2419,Normal,0.9600397944450378
2420,Normal,0.9591792821884155
2421,Normal,0.9590093493461609
2422,Normal,0.9590765237808228
2423,Normal,0.9603748321533203
2424,Normal,0.9605178833007812
2425,Normal,0.9601604342460632
2426,Normal,0.9602161049842834
2427,Normal,0.9615166783332825
2428,Normal,0.9610128402709961
2429,Normal,0.9609473347663879
2430,Normal,0.9631118774414062
2431,Normal,0.9604210257530212
2432,Normal,0.9609612226486206
2433,Normal,0.96039879322052
2434,Normal,0.9606726765632629
2435,Normal,0.9604768753051758
2436,Normal,0.9604952335357666
2437,Normal,0.9592399597167969
2438,Normal,0.9595726132392883
2439,Normal,0.9595702290534973
2440,Normal,0.9589837789535522
2441,Normal,0.9591240286827087
2442,Normal,0.9602709412574768
2443,Normal,0.9610714316368103
2444,Normal,0.9601246118545532
2445,Normal,0.9603676795959473
2446,Normal,0.9614498019218445
2447,Normal,0.9610893726348877
2448,Normal,0.9610991477966309
2449,Normal,0.9614822864532471
2450,Normal,0.961328387260437
2451,Normal,0.9599583745002747
2452,Normal,0.9599921107292175
2453,Normal,0.9608322978019714
2454,Normal,0.9603323936462402
2455,Normal,0.9598773121833801
2456,Normal,0.9596008658409119
2457,Normal,0.9590195417404175
2458,Normal,0.9591125845909119
2459,Normal,0.9605549573898315
2460,Normal,0.9607442617416382
2461,Normal,0.9618499279022217
2462,Normal,0.9618710279464722
2463,Normal,0.9608266949653625
2464,Normal,0.9606634974479675
2465,Normal,0.9596707820892334
2466,Normal,0.9610662460327148
2467,Normal,0.9608385562896729
2468,Normal,0.9608328342437744
2469,Normal,0.9602423310279846
2470,Normal,0.9613479971885681
2471,Normal,0.9607431888580322
2472,Normal,0.9600399136543274
2473,Normal,0.9591792821884155
2474,Normal,0.9590094089508057
2475,Normal,0.9590766429901123
2476,Normal,0.9603748321533203
2477,Normal,0.9605180025100708
2478,Normal,0.9601604342460632
2479,Normal,0.9602161645889282
2480,Normal,0.961516797542572
2481,Normal,0.9610129594802856
2482,Normal,0.9609473347663879
2483,Normal,0.9631119966506958
2484,Normal,0.9604210257530212
2485,Normal,0.960960865020752
2486,Normal,0.96039879322052
2487,Normal,0.9606727361679077
2488,Normal,0.9604768753051758
2489,Normal,0.9604952335357666
2490,Normal,0.9592399597167969
2491,Normal,0.9595727324485779
2492,Normal,0.9595702290534973
2493,Normal,0.9589837789535522
2494,Normal,0.9591240286827087
2495,Normal,0.9602708220481873
2496,Normal,0.9610714912414551
2497,Normal,0.9601246118545532
2498,Normal,0.9603677988052368
2499,Normal,0.9614499807357788
2500,Normal,0.9610894918441772
2501,Normal,0.9610991477966309
2502,Normal,0.9614819884300232
2503,Normal,0.961328387260437
2504,Normal,0.9599583745002747
2505,Normal,0.9599921107292175
2506,Normal,0.9608325362205505
2507,Normal,0.9603325128555298
2508,Normal,0.9598774313926697
2509,Normal,0.9596007466316223
2510,Normal,0.9590195417404175
2511,Normal,0.9591125845909119
2512,Normal,0.9605549573898315
2513,Normal,0.9607442617416382
2514,Normal,0.9618499279022217
2515,Normal,0.9618712663650513
2516,Normal,0.9608268141746521
2517,Normal,0.9606634974479675
2518,Normal,0.9596707820892334
2519,Normal,0.9610660076141357
2520,Normal,0.9608385562896729
2521,Normal,0.9608328342437744
2522,Normal,0.9602424502372742
2523,Normal,0.9613479971885681
2524,Normal,0.9607434272766113
2525,Normal,0.9600399136543274
2526,Normal,0.959179162979126
2527,Normal,0.9590094089508057
2528,Normal,0.9590766429901123
2529,Normal,0.9603748321533203
2530,Normal,0.9605180025100708
2531,Normal,0.9601604342460632
2532,Normal,0.9602161049842834
2533,Normal,0.9615169763565063
2534,Normal,0.9610130786895752
2535,Normal,0.9609473347663879
2536,Normal,0.9631121754646301
2537,Normal,0.9604210257530212
2538,Normal,0.960960865020752
2539,Normal,0.9603985548019409
2540,Normal,0.9606730937957764
2541,Normal,0.9604769945144653
2542,Normal,0.9604954719543457
2543,Normal,0.9592398405075073
2544,Normal,0.9595727324485779
2545,Normal,0.9595701098442078
2546,Normal,0.9589837789535522
2547,Normal,0.9591240286827087
2548,Normal,0.9602709412574768
2549,Normal,0.9610716104507446
2550,Normal,0.9601246118545532
2551,Normal,0.9603677988052368
2552,Normal,0.9614502191543579
2553,Normal,0.9610894918441772
2554,Normal,0.9610990285873413
2555,Normal,0.9614818692207336
2556,Normal,0.9613284468650818
2557,Normal,0.9599584937095642
2558,Normal,0.9599921107292175
2559,Normal,0.9608327746391296
2560,Normal,0.9603325724601746
2561,Normal,0.9598774313926697
2562,Normal,0.9596007466316223
2563,Normal,0.9590196013450623
2564,Normal,0.9591125845909119
2565,Normal,0.9605549573898315
2566,Normal,0.9607443809509277
2567,Normal,0.9618500471115112
2568,Normal,0.9618715643882751
2569,Normal,0.9608269333839417
2570,Normal,0.9606636166572571
2571,Normal,0.9596710205078125
2572,Normal,0.9610658884048462
2573,Normal,0.9608385562896729
2574,Normal,0.960832953453064
2575,Normal,0.9602424502372742
2576,Normal,0.961348295211792
2577,Normal,0.9607436060905457
2578,Normal,0.960040271282196
2579,Normal,0.9591790437698364
2580,Normal,0.9590094089508057
2581,Normal,0.9590766429901123
2582,Normal,0.9603748321533203
2583,Normal,0.9605180025100708
2584,Normal,0.9601604342460632
2585,Normal,0.9602161645889282
2586,Normal,0.9615170955657959
2587,Normal,0.9610130786895752
2588,Normal,0.9609473347663879
2589,Normal,0.9631122946739197
2590,Normal,0.9604210257530212
2591,Normal,0.9609607458114624
2592,Normal,0.9603985548019409
2593,Normal,0.9606732130050659
2594,Normal,0.9604770541191101
2595,Normal,0.9604955315589905
2596,Normal,0.9592398405075073
2597,Normal,0.9595727324485779
2598,Normal,0.9595701098442078
2599,Normal,0.9589837789535522
2600,Normal,0.9591240286827087
2601,Normal,0.9602708220481873
2602,Normal,0.9610716104507446
2603,Normal,0.9601246118545532
2604,Normal,0.9603679180145264
2605,Normal,0.9614503383636475
2606,Normal,0.961089551448822
2607,Normal,0.9610990285873413
2608,Normal,0.9614816308021545
2609,Normal,0.9613284468650818
2610,Normal,0.9599586129188538
2611,Normal,0.959991991519928
2612,Normal,0.960832953453064
2613,Normal,0.9603325724601746
2614,Normal,0.9598775506019592
2615,Normal,0.9596007466316223
2616,Normal,0.9590196013450623
2617,Normal,0.9591125845909119
2618,Normal,0.9605549573898315
2619,Normal,0.9607443809509277
2620,Normal,0.9618500471115112
2621,Normal,0.9618719220161438
2622,Normal,0.9608269333839417
2623,Normal,0.9606637358665466
2624,Normal,0.9596710205078125
2625,Normal,0.9610657095909119
2626,Normal,0.960838794708252
2627,Normal,0.9608330726623535
2628,Normal,0.9602424502372742
2629,Normal,0.961348295211792
2630,Normal,0.9607437252998352
2631,Normal,0.960040271282196
2632,Normal,0.9591790437698364
2633,Normal,0.9590094089508057
2634,Normal,0.9590766429901123
2635,Normal,0.9603748321533203
2636,Normal,0.9605181217193604
2637,Normal,0.9601604342460632
2638,Normal,0.9602162837982178
2639,Normal,0.961517333984375
2640,Normal,0.96101313829422
2641,Normal,0.9609474539756775
2642,Normal,0.9631124138832092
2643,Normal,0.9604210257530212
2644,Normal,0.9609605669975281
2645,Normal,0.9603984355926514
2646,Normal,0.9606735110282898
2647,Normal,0.9604770541191101
2648,Normal,0.9604955315589905
2649,Normal,0.9592397212982178
2650,Normal,0.9595728516578674
2651,Normal,0.9595701098442078
2652,Normal,0.9589837789535522
2653,Normal,0.9591239094734192
2654,Normal,0.9602708220481873
2655,Normal,0.9610716104507446
2656,Normal,0.9601246118545532
2657,Normal,0.9603679180145264
2658,Normal,0.961450457572937
2659,Normal,0.9610896706581116
2660,Normal,0.9610989093780518
2661,Normal,0.9614813923835754
2662,Normal,0.9613285660743713
2663,Normal,0.9599586129188538
2664,Normal,0.9599919319152832
2665,Normal,0.9608330726623535
2666,Normal,0.9603325724601746
2667,Normal,0.9598776698112488
2668,Normal,0.9596007466316223
2669,Normal,0.9590196013450623
2670,Normal,0.9591125249862671
2671,Normal,0.9605549573898315
2672,Normal,0.9607443809509277
2673,Normal,0.9618501663208008
2674,Normal,0.9618720412254333
2675,Normal,0.960827112197876
2676,Normal,0.9606638550758362
2677,Normal,0.9596710801124573
2678,Normal,0.9610655903816223
2679,Normal,0.9608389139175415
2680,Normal,0.9608330726623535
2681,Normal,0.9602425694465637
2682,Normal,0.9613485336303711
2683,Normal,0.9607438445091248
2684,Normal,0.960040271282196
2685,Normal,0.9591790437698364
2686,Normal,0.9590096473693848
2687,Normal,0.9590766429901123
2688,Normal,0.9603748321533203
2689,Normal,0.9605181217193604
2690,Normal,0.9601604342460632
2691,Normal,0.9602164030075073
2692,Normal,0.9615174531936646
2693,Normal,0.9610132575035095
2694,Normal,0.9609474539756775
2695,Normal,0.9631126523017883
2696,Normal,0.960421085357666
2697,Normal,0.9609604477882385
2698,Normal,0.9603983759880066
2699,Normal,0.9606736302375793
2700,Normal,0.9604771733283997
2701,Normal,0.96049565076828
2702,Normal,0.9592397212982178
2703,Normal,0.9595728516578674
2704,Normal,0.9595699906349182
2705,Normal,0.9589838981628418
2706,Normal,0.9591239094734192
2707,Normal,0.9602707028388977
2708,Normal,0.9610718488693237
2709,Normal,0.9601246118545532
2710,Normal,0.9603679776191711
2711,Normal,0.9614506363868713
2712,Normal,0.9610896706581116
2713,Normal,0.9610989093780518
2714,Normal,0.9614812731742859
2715,Normal,0.9613285660743713
2716,Normal,0.9599586129188538
2717,Normal,0.9599918127059937
2718,Normal,0.9608333110809326
2719,Normal,0.9603325724601746
2720,Normal,0.9598776698112488
2721,Normal,0.9596006274223328
2722,Normal,0.9590197205543518
2723,Normal,0.9591125249862671
2724,Normal,0.9605549573898315
2725,Normal,0.9607443809509277
2726,Normal,0.9618502855300903
2727,Normal,0.9618722200393677
2728,Normal,0.960827112197876
2729,Normal,0.9606638550758362
2730,Normal,0.9596711993217468
2731,Normal,0.9610653519630432
2732,Normal,0.960839033126831
2733,Normal,0.9608331918716431
2734,Normal,0.9602425694465637
2735,Normal,0.9613485336303711
2736,Normal,0.9607440829277039
2737,Normal,0.9600403308868408
2738,Normal,0.9591790437698364
2739,Normal,0.9590096473693848
2740,Normal,0.9590766429901123
2741,Normal,0.9603748321533203
2742,Normal,0.9605182409286499
2743,Normal,0.9601604342460632
2744,Normal,0.9602164030075073
2745,Normal,0.9615176916122437
2746,Normal,0.9610133767127991
2747,Normal,0.9609474539756775
2748,Normal,0.9631126523017883
2749,Normal,0.960421085357666
2750,Normal,0.960960328578949
2751,Normal,0.960398256778717
2752,Normal,0.9606737494468689
2753,Normal,0.9604772925376892
2754,Normal,0.96049565076828
2755,Normal,0.9592397212982178
2756,Normal,0.9595728516578674
2757,Normal,0.9595699906349182
2758,Normal,0.9589838981628418
2759,Normal,0.9591239094734192
2760,Normal,0.9602707028388977
2761,Normal,0.9610718488693237
2762,Normal,0.9601246118545532
2763,Normal,0.9603679776191711
2764,Normal,0.9614507555961609
2765,Normal,0.9610896706581116
2766,Normal,0.961098849773407
2767,Normal,0.9614810943603516
2768,Normal,0.9613286852836609
2769,Normal,0.9599587321281433
2770,Normal,0.9599918127059937
2771,Normal,0.9608334302902222
2772,Normal,0.9603326916694641
2773,Normal,0.9598776698112488
2774,Normal,0.9596006274223328
2775,Normal,0.9590197205543518
2776,Normal,0.9591125249862671
2777,Normal,0.9605549573898315
2778,Normal,0.9607445001602173
2779,Normal,0.9618502855300903
2780,Normal,0.9618725776672363
2781,Normal,0.960827112197876
2782,Normal,0.9606639742851257
2783,Normal,0.9596713185310364
2784,Normal,0.9610652327537537
2785,Normal,0.960839033126831
2786,Normal,0.9608331918716431
2787,Normal,0.9602426886558533
2788,Normal,0.9613487720489502
2789,Normal,0.9607441425323486
2790,Normal,0.9600404500961304
2791,Normal,0.9591789841651917
2792,Normal,0.9590096473693848
2793,Normal,0.9590767621994019
2794,Normal,0.9603748321533203
2795,Normal,0.9605182409286499
2796,Normal,0.9601604342460632
2797,Normal,0.9602166414260864
2798,Normal,0.9615177512168884
2799,Normal,0.9610133767127991
2800,Normal,0.960947573184967
2801,Normal,0.9631127715110779
2802,Normal,0.960421085357666
2803,Normal,0.9609602093696594
2804,Normal,0.960398256778717
2805,Normal,0.960673987865448
2806,Normal,0.9604772925376892
2807,Normal,0.96049565076828
2808,Normal,0.9592397212982178
2809,Normal,0.959572970867157
2810,Normal,0.9595699906349182
2811,Normal,0.9589838981628418
2812,Normal,0.9591239094734192
2813,Normal,0.9602707028388977
2814,Normal,0.9610719680786133
2815,Normal,0.9601246118545532
2816,Normal,0.9603679776191711
2817,Normal,0.9614508748054504
2818,Normal,0.9610897898674011
2819,Normal,0.961098849773407
2820,Normal,0.9614807367324829
2821,Normal,0.9613286852836609
2822,Normal,0.9599588513374329
2823,Normal,0.9599918127059937
2824,Normal,0.9608336091041565
2825,Normal,0.9603326916694641
2826,Normal,0.9598776698112488
2827,Normal,0.9596005082130432
2828,Normal,0.9590197205543518
2829,Normal,0.9591125249862671
2830,Normal,0.9605549573898315
2831,Normal,0.9607445001602173
2832,Normal,0.9618502855300903
2833,Normal,0.9618726968765259
2834,Normal,0.9608272314071655
2835,Normal,0.9606639742851257
2836,Normal,0.9596711993217468
2837,Normal,0.9610651135444641
2838,Normal,0.960839033126831
2839,Normal,0.9608333110809326
2840,Normal,0.9602426886558533
2841,Normal,0.961348831653595
2842,Normal,0.9607442617416382
2843,Normal,0.9600404500961304
2844,Normal,0.9591789841651917
2845,Normal,0.9590096473693848
2846,Normal,0.9590768814086914
2847,Normal,0.9603748321533203
2848,Normal,0.9605182409286499
2849,Normal,0.9601604342460632
2850,Normal,0.9602166414260864
2851,Normal,0.961517870426178
2852,Normal,0.9610134959220886
2853,Normal,0.960947573184967
2854,Normal,0.9631128311157227
2855,Normal,0.9604212045669556
2856,Normal,0.9609599709510803
2857,Normal,0.960398256778717
2858,Normal,0.960673987865448
2859,Normal,0.9604772925376892
2860,Normal,0.9604958891868591
2861,Normal,0.9592397212982178
2862,Normal,0.959572970867157
2863,Normal,0.9595699906349182
2864,Normal,0.9589838981628418
2865,Normal,0.9591239094734192
2866,Normal,0.9602707028388977
2867,Normal,0.9610719680786133
2868,Normal,0.9601248502731323
2869,Normal,0.9603680968284607
2870,Normal,0.9614511132240295
2871,Normal,0.9610899090766907
2872,Normal,0.9610987305641174
2873,Normal,0.9614806175231934
2874,Normal,0.9613286852836609
2875,Normal,0.9599589705467224
2876,Normal,0.9599916934967041
2877,Normal,0.960833728313446
2878,Normal,0.9603326916694641
2879,Normal,0.9598779082298279
2880,Normal,0.9596005082130432
2881,Normal,0.9590197205543518
2882,Normal,0.9591125249862671
2883,Normal,0.960554838180542
2884,Normal,0.9607445001602173
2885,Normal,0.9618502855300903
2886,Normal,0.9618729948997498
2887,Normal,0.9608273506164551
2888,Normal,0.9606641530990601
2889,Normal,0.9596711993217468
2890,Normal,0.9610648155212402
2891,Normal,0.960839033126831
2892,Normal,0.9608333110809326
2893,Normal,0.9602428078651428
2894,Normal,0.961348831653595
2895,Normal,0.9607443809509277
2896,Normal,0.9600404500961304
2897,Normal,0.9591789841651917
2898,Normal,0.9590096473693848
2899,Normal,0.9590768814086914
2900,Normal,0.9603748321533203
2901,Normal,0.9605182409286499
2902,Normal,0.9601604342460632
2903,Normal,0.9602166414260864
2904,Normal,0.9615181088447571
2905,Normal,0.9610134959220886
2906,Normal,0.960947573184967
2907,Normal,0.9631131887435913
2908,Normal,0.9604212045669556
2909,Normal,0.9609599709510803
2910,Normal,0.9603981375694275
2911,Normal,0.9606741666793823
2912,Normal,0.9604774117469788
2913,Normal,0.9604958891868591
2914,Normal,0.9592397212982178
2915,Normal,0.959572970867157
2916,Normal,0.9595699906349182
2917,Normal,0.9589838981628418
2918,Normal,0.9591239094734192
2919,Normal,0.9602707028388977
2920,Normal,0.9610720872879028
2921,Normal,0.9601248502731323
2922,Normal,0.9603680968284607
2923,Normal,0.9614511132240295
2924,Normal,0.9610900282859802
2925,Normal,0.9610987305641174
2926,Normal,0.9614804983139038
2927,Normal,0.9613286852836609
2928,Normal,0.9599589705467224
2929,Normal,0.9599916934967041
2930,Normal,0.9608338475227356
2931,Normal,0.9603326916694641
2932,Normal,0.9598779678344727
2933,Normal,0.9596005082130432
2934,Normal,0.9590197205543518
2935,Normal,0.9591125249862671
2936,Normal,0.960554838180542
2937,Normal,0.9607446193695068
2938,Normal,0.9618505239486694
2939,Normal,0.9618731141090393
2940,Normal,0.9608274698257446
2941,Normal,0.9606641530990601
2942,Normal,0.9596713185310364
2943,Normal,0.9610648155212402
2944,Normal,0.9608391523361206
2945,Normal,0.9608335494995117
2946,Normal,0.9602428674697876
2947,Normal,0.9613489508628845
2948,Normal,0.9607446193695068
2949,Normal,0.9600406885147095
2950,Normal,0.9591789841651917
2951,Normal,0.9590097665786743
2952,Normal,0.9590768814086914
2953,Normal,0.9603748321533203
2954,Normal,0.9605182409286499
2955,Normal,0.9601604342460632
2956,Normal,0.9602166414260864
2957,Normal,0.9615181088447571
2958,Normal,0.9610134959220886
2959,Normal,0.9609476923942566
2960,Normal,0.9631131887435913
2961,Normal,0.9604212045669556
2962,Normal,0.9609599113464355
2963,Normal,0.9603978991508484
2964,Normal,0.9606742858886719
2965,Normal,0.9604775309562683
2966,Normal,0.9604958891868591
2967,Normal,0.9592397212982178
2968,Normal,0.959572970867157
2969,Normal,0.9595699906349182
2970,Normal,0.9589838981628418
2971,Normal,0.9591239094734192
2972,Normal,0.9602707028388977
2973,Normal,0.9610722064971924
2974,Normal,0.9601248502731323
2975,Normal,0.9603682160377502
2976,Normal,0.9614513516426086
2977,Normal,0.9610900282859802
2978,Normal,0.9610987305641174
2979,Normal,0.9614802002906799
2980,Normal,0.9613288044929504
2981,Normal,0.9599590301513672
2982,Normal,0.9599915742874146
2983,Normal,0.9608342051506042
2984,Normal,0.9603328108787537
2985,Normal,0.9598779678344727
2986,Normal,0.9596005082130432
2987,Normal,0.9590197205543518
2988,Normal,0.9591125249862671
2989,Normal,0.960554838180542
2990,Normal,0.9607447385787964
2991,Normal,0.9618505239486694
2992,Normal,0.961873471736908
2993,Normal,0.9608274698257446
2994,Normal,0.9606641530990601
2995,Normal,0.9596714377403259
2996,Normal,0.9610645771026611
2997,Normal,0.9608393311500549
2998,Normal,0.9608335494995117
2999,Normal,0.9602428674697876
3000,Normal,0.9613490700721741
3001,Normal,0.9607447385787964
3002,Normal,0.9600406885147095
3003,Normal,0.9591789841651917
3004,Normal,0.9590097665786743
3005,Normal,0.9590768814086914
3006,Normal,0.9603748321533203
3007,Normal,0.9605184197425842
3008,Normal,0.9601604342460632
3009,Normal,0.960216760635376
3010,Normal,0.9615182280540466
3011,Normal,0.9610134959220886
3012,Normal,0.9609476923942566
3013,Normal,0.9631133079528809
3014,Normal,0.9604212045669556
3015,Normal,0.960959792137146
3016,Normal,0.9603977799415588
3017,Normal,0.960674524307251
3018,Normal,0.9604776501655579
3019,Normal,0.9604958891868591
3020,Normal,0.9592397212982178
3021,Normal,0.959572970867157
3022,Normal,0.9595698714256287
3023,Normal,0.9589838981628418
3024,Normal,0.9591239094734192
3025,Normal,0.9602705836296082
3026,Normal,0.9610722064971924
3027,Normal,0.9601248502731323
3028,Normal,0.9603682160377502
3029,Normal,0.9614513516426086
3030,Normal,0.9610900282859802
3031,Normal,0.9610986113548279
3032,Normal,0.9614802002906799
3033,Normal,0.9613288044929504
3034,Normal,0.9599590301513672
3035,Normal,0.959991455078125
3036,Normal,0.9608342051506042
3037,Normal,0.9603328108787537
3038,Normal,0.9598779678344727
3039,Normal,0.9596005082130432
3040,Normal,0.9590197205543518
3041,Normal,0.9591125249862671
3042,Normal,0.960554838180542
3043,Normal,0.9607447385787964
3044,Normal,0.9618505239486694
3045,Normal,0.961873471736908
3046,Normal,0.9608275890350342
3047,Normal,0.9606642723083496
3048,Normal,0.9596715569496155
3049,Normal,0.9610645771026611
3050,Normal,0.9608393311500549
3051,Normal,0.9608336091041565
3052,Normal,0.9602428674697876
3053,Normal,0.9613491892814636
3054,Normal,0.9607447981834412
3055,Normal,0.9600406885147095
3056,Normal,0.9591789841651917
3057,Normal,0.9590098857879639
3058,Normal,0.9590768814086914
3059,Normal,0.9603748321533203
3060,Normal,0.9605184197425842
3061,Normal,0.9601604342460632
3062,Normal,0.9602168202400208
3063,Normal,0.9615184664726257
3064,Normal,0.9610134959220886
3065,Normal,0.9609476923942566
3066,Normal,0.9631134271621704
3067,Normal,0.9604212045669556
3068,Normal,0.9609596729278564
3069,Normal,0.9603977799415588
3070,Normal,0.960674524307251
3071,Normal,0.9604776501655579
3072,Normal,0.9604961276054382
3073,Normal,0.9592397212982178
3074,Normal,0.9595732092857361
3075,Normal,0.9595698118209839
3076,Normal,0.9589838981628418
3077,Normal,0.9591239094734192
3078,Normal,0.9602704644203186
3079,Normal,0.9610722064971924
3080,Normal,0.9601248502731323
3081,Normal,0.9603682160377502
3082,Normal,0.9614514112472534
3083,Normal,0.9610900282859802
3084,Normal,0.9610984921455383
3085,Normal,0.9614799618721008
3086,Normal,0.9613288044929504
3087,Normal,0.9599590301513672
3088,Normal,0.959991455078125
3089,Normal,0.960834264755249
3090,Normal,0.9603328108787537
3091,Normal,0.9598780870437622
3092,Normal,0.9596005082130432
3093,Normal,0.9590197205543518
3094,Normal,0.9591125249862671
3095,Normal,0.9605547189712524
3096,Normal,0.9607446193695068
3097,Normal,0.961850643157959
3098,Normal,0.9618737697601318
3099,Normal,0.9608277082443237
3100,Normal,0.9606642723083496
3101,Normal,0.9596715569496155
3102,Normal,0.961064338684082
3103,Normal,0.9608394503593445
3104,Normal,0.9608336091041565
3105,Normal,0.9602428674697876
3106,Normal,0.9613493084907532
3107,Normal,0.9607449173927307
3108,Normal,0.960040807723999
3109,Normal,0.9591789841651917
3110,Normal,0.9590097665786743
3111,Normal,0.9590768814086914
3112,Normal,0.9603748321533203
3113,Normal,0.9605184197425842
3114,Normal,0.9601604342460632
3115,Normal,0.9602168202400208
3116,Normal,0.9615184664726257
3117,Normal,0.9610137343406677
3118,Normal,0.9609476923942566
3119,Normal,0.9631134271621704
3120,Normal,0.9604212045669556
3121,Normal,0.9609596729278564
3122,Normal,0.9603977799415588
3123,Normal,0.9606747627258301
3124,Normal,0.9604776501655579
3125,Normal,0.9604961276054382
3126,Normal,0.9592397212982178
3127,Normal,0.9595732092857361
3128,Normal,0.9595698118209839
3129,Normal,0.9589838981628418
3130,Normal,0.9591239094734192
3131,Normal,0.9602704644203186
3132,Normal,0.9610723853111267
3133,Normal,0.9601248502731323
3134,Normal,0.9603683352470398
3135,Normal,0.9614516496658325
3136,Normal,0.9610902667045593
3137,Normal,0.9610984921455383
3138,Normal,0.9614799618721008
3139,Normal,0.9613288044929504
3140,Normal,0.9599591493606567
3141,Normal,0.959991455078125
3142,Normal,0.9608343839645386
3143,Normal,0.9603328108787537
3144,Normal,0.9598782062530518
3145,Normal,0.9596003890037537
3146,Normal,0.9590197205543518
3147,Normal,0.9591125249862671
3148,Normal,0.960554838180542
3149,Normal,0.9607447385787964
3150,Normal,0.9618505239486694
3151,Normal,0.9618738889694214
3152,Normal,0.9608277082443237
3153,Normal,0.9606643915176392
3154,Normal,0.9596715569496155
3155,Normal,0.961064338684082
3156,Normal,0.9608394503593445
3157,Normal,0.960833728313446
3158,Normal,0.9602429866790771
3159,Normal,0.9613493084907532
3160,Normal,0.9607449173927307
3161,Normal,0.960040807723999
3162,Normal,0.9591788649559021
3163,Normal,0.9590098857879639
3164,Normal,0.9590768814086914
3165,Normal,0.9603748321533203
3166,Normal,0.9605184197425842
3167,Normal,0.9601604342460632
3168,Normal,0.9602169394493103
3169,Normal,0.9615186452865601
3170,Normal,0.9610137343406677
3171,Normal,0.9609476923942566
3172,Normal,0.96311354637146
3173,Normal,0.9604212045669556
3174,Normal,0.9609595537185669
3175,Normal,0.9603976607322693
3176,Normal,0.9606748223304749
3177,Normal,0.9604776501655579
3178,Normal,0.9604961276054382
3179,Normal,0.9592397212982178
3180,Normal,0.9595732092857361
3181,Normal,0.9595698118209839
3182,Normal,0.9589838981628418
3183,Normal,0.9591239094734192
3184,Normal,0.9602704644203186
3185,Normal,0.9610723853111267
3186,Normal,0.9601248502731323
3187,Normal,0.9603683352470398
3188,Normal,0.9614516496658325
3189,Normal,0.9610902667045593
3190,Normal,0.9610984921455383
3191,Normal,0.9614798426628113
3192,Normal,0.9613288044929504
3193,Normal,0.9599591493606567
3194,Normal,0.9599913358688354
3195,Normal,0.9608346223831177
3196,Normal,0.9603330492973328
3197,Normal,0.9598782062530518
3198,Normal,0.9596003293991089
3199,Normal,0.9590197205543518
3200,Normal,0.9591125249862671
3201,Normal,0.960554838180542
3202,Normal,0.9607447981834412
3203,Normal,0.961850643157959
3204,Normal,0.9618740081787109
3205,Normal,0.9608277082443237
3206,Normal,0.9606643915176392
3207,Normal,0.959671676158905
3208,Normal,0.9610641598701477
3209,Normal,0.9608394503593445
3210,Normal,0.960833728313446
3211,Normal,0.9602431058883667
3212,Normal,0.9613494277000427
3213,Normal,0.9607450366020203
3214,Normal,0.9600409269332886
3215,Normal,0.9591788649559021
3216,Normal,0.9590098857879639
3217,Normal,0.9590768814086914
3218,Normal,0.9603748321533203
3219,Normal,0.9605185389518738
3220,Normal,0.9601605534553528
3221,Normal,0.9602169394493103
3222,Normal,0.9615186452865601
3223,Normal,0.9610137343406677
3224,Normal,0.9609477519989014
3225,Normal,0.9631137251853943
3226,Normal,0.9604213237762451
3227,Normal,0.9609593152999878
3228,Normal,0.9603976011276245
3229,Normal,0.9606749415397644
3230,Normal,0.9604776501655579
3231,Normal,0.960496187210083
3232,Normal,0.9592397212982178
3233,Normal,0.9595732092857361
3234,Normal,0.9595698118209839
3235,Normal,0.9589838981628418
3236,Normal,0.9591237902641296
3237,Normal,0.9602704644203186
3238,Normal,0.9610722661018372
3239,Normal,0.9601249694824219
3240,Normal,0.9603684544563293
3241,Normal,0.9614516496658325
3242,Normal,0.9610902667045593
3243,Normal,0.9610984921455383
3244,Normal,0.961479663848877
3245,Normal,0.9613288044929504
3246,Normal,0.9599592685699463
3247,Normal,0.9599913358688354
3248,Normal,0.9608346223831177
3249,Normal,0.9603330492973328
3250,Normal,0.9598782062530518
3251,Normal,0.9596003293991089
3252,Normal,0.9590197205543518
3253,Normal,0.9591125249862671
3254,Normal,0.9605547189712524
3255,Normal,0.9607447981834412
3256,Normal,0.9618507027626038
3257,Normal,0.96187424659729
3258,Normal,0.9608277082443237
3259,Normal,0.9606645107269287
3260,Normal,0.959671676158905
3261,Normal,0.9610640406608582
3262,Normal,0.9608394503593445
3263,Normal,0.960833728313446
3264,Normal,0.9602431058883667
3265,Normal,0.9613494873046875
3266,Normal,0.9607452750205994
3267,Normal,0.9600410461425781
3268,Normal,0.9591788649559021
3269,Normal,0.9590098857879639
3270,Normal,0.959077000617981
3271,Normal,0.9603748321533203
3272,Normal,0.9605185389518738
3273,Normal,0.9601605534553528
3274,Normal,0.9602170586585999
3275,Normal,0.9615187644958496
3276,Normal,0.9610138535499573
3277,Normal,0.9609477519989014
3278,Normal,0.9631137251853943
3279,Normal,0.9604213237762451
3280,Normal,0.9609593152999878
3281,Normal,0.9603976011276245
3282,Normal,0.9606749415397644
3283,Normal,0.9604776501655579
3284,Normal,0.960496187210083
3285,Normal,0.9592397212982178
3286,Normal,0.9595732688903809
3287,Normal,0.9595698118209839
3288,Normal,0.9589838981628418
3289,Normal,0.9591237902641296
3290,Normal,0.9602704644203186
3291,Normal,0.9610722661018372
3292,Normal,0.9601249694824219
3293,Normal,0.9603685736656189
3294,Normal,0.9614520072937012
3295,Normal,0.9610902667045593
3296,Normal,0.9610982537269592
3297,Normal,0.9614794254302979
3298,Normal,0.96132892370224
3299,Normal,0.9599592685699463
3300,Normal,0.9599913358688354
3301,Normal,0.9608348608016968
3302,Normal,0.9603330492973328
3303,Normal,0.9598782062530518
3304,Normal,0.9596003293991089
3305,Normal,0.9590197205543518
3306,Normal,0.9591125249862671
3307,Normal,0.9605547189712524
3308,Normal,0.9607447981834412
3309,Normal,0.9618507027626038
3310,Normal,0.9618743062019348
3311,Normal,0.9608278274536133
3312,Normal,0.9606646299362183
3313,Normal,0.959671676158905
3314,Normal,0.9610640406608582
3315,Normal,0.9608394503593445
3316,Normal,0.960833728313446
3317,Normal,0.9602431058883667
3318,Normal,0.9613494873046875
3319,Normal,0.9607453942298889
3320,Normal,0.9600410461425781
3321,Normal,0.9591787457466125
3322,Normal,0.9590098857879639
3323,Normal,0.959077000617981
3324,Normal,0.9603748321533203
3325,Normal,0.9605185389518738
3326,Normal,0.9601605534553528
3327,Normal,0.9602171778678894
3328,Normal,0.9615188837051392
3329,Normal,0.961013913154602
3330,Normal,0.9609477519989014
3331,Normal,0.9631138443946838
3332,Normal,0.9604214429855347
3333,Normal,0.9609593152999878
3334,Normal,0.960397481918335
3335,Normal,0.9606749415397644
3336,Normal,0.9604776501655579
3337,Normal,0.9604963064193726
3338,Normal,0.9592397212982178
3339,Normal,0.9595732688903809
3340,Normal,0.9595698118209839
3341,Normal,0.9589838981628418
3342,Normal,0.9591237902641296
3343,Normal,0.9602704048156738
3344,Normal,0.9610723853111267
3345,Normal,0.9601249694824219
3346,Normal,0.9603685736656189
3347,Normal,0.9614520072937012
3348,Normal,0.9610902667045593
3349,Normal,0.9610982537269592
3350,Normal,0.9614793062210083
3351,Normal,0.96132892370224
3352,Normal,0.9599592685699463
3353,Normal,0.9599912762641907
3354,Normal,0.9608349800109863
3355,Normal,0.9603330492973328
3356,Normal,0.9598782062530518
3357,Normal,0.9596003293991089
3358,Normal,0.9590197205543518
3359,Normal,0.9591125249862671
3360,Normal,0.9605547189712524
3361,Normal,0.9607447981834412
3362,Normal,0.9618507027626038
3363,Normal,0.9618744254112244
3364,Normal,0.9608278870582581
3365,Normal,0.9606646299362183
3366,Normal,0.9596717953681946
3367,Normal,0.9610639214515686
3368,Normal,0.960839569568634
3369,Normal,0.9608338475227356
3370,Normal,0.9602431058883667
3371,Normal,0.9613494873046875
3372,Normal,0.9607453942298889
3373,Normal,0.9600410461425781
3374,Normal,0.959178626537323
3375,Normal,0.9590098857879639
3376,Normal,0.959077000617981
3377,Normal,0.9603748321533203
3378,Normal,0.9605186581611633
3379,Normal,0.9601605534553528
3380,Normal,0.9602171778678894
3381,Normal,0.9615190029144287
3382,Normal,0.961013913154602
3383,Normal,0.9609477519989014
3384,Normal,0.9631138443946838
3385,Normal,0.9604214429855347
3386,Normal,0.9609591960906982
3387,Normal,0.960397481918335
3388,Normal,0.9606752991676331
3389,Normal,0.9604776501655579
3390,Normal,0.9604963064193726
3391,Normal,0.9592397212982178
3392,Normal,0.9595732688903809
3393,Normal,0.9595698118209839
3394,Normal,0.9589838981628418
3395,Normal,0.9591239094734192
3396,Normal,0.9602704048156738
3397,Normal,0.9610723853111267
3398,Normal,0.9601249694824219
3399,Normal,0.9603684544563293
3400,Normal,0.9614520072937012
3401,Normal,0.9610903263092041
3402,Normal,0.9610982537269592
3403,Normal,0.9614791870117188
3404,Normal,0.96132892370224
3405,Normal,0.9599592685699463
3406,Normal,0.9599911570549011
3407,Normal,0.9608349800109863
3408,Normal,0.9603330492973328
3409,Normal,0.9598782062530518
3410,Normal,0.9596003293991089
3411,Normal,0.9590197205543518
3412,Normal,0.9591125249862671
3413,Normal,0.9605547189712524
3414,Normal,0.9607449173927307
3415,Normal,0.9618507027626038
3416,Normal,0.9618745446205139
3417,Normal,0.9608280062675476
3418,Normal,0.9606646299362183
3419,Normal,0.9596717953681946
3420,Normal,0.961063802242279
3421,Normal,0.960839569568634
3422,Normal,0.9608338475227356
3423,Normal,0.9602431058883667
3424,Normal,0.9613497257232666
3425,Normal,0.9607455134391785
3426,Normal,0.9600410461425781
3427,Normal,0.959178626537323
3428,Normal,0.9590098857879639
3429,Normal,0.959077000617981
3430,Normal,0.9603748321533203
3431,Normal,0.9605186581611633
3432,Normal,0.9601605534553528
3433,Normal,0.9602170586585999
3434,Normal,0.9615190029144287
3435,Normal,0.961013913154602
3436,Normal,0.9609477519989014
3437,Normal,0.9631140828132629
3438,Normal,0.9604214429855347
3439,Normal,0.9609591364860535
3440,Normal,0.960397481918335
3441,Normal,0.9606752991676331
3442,Normal,0.9604777693748474
3443,Normal,0.9604963064193726
3444,Normal,0.9592397212982178
3445,Normal,0.9595732688903809
3446,Normal,0.9595695734024048
3447,Normal,0.9589838981628418
3448,Normal,0.9591236710548401
3449,Normal,0.9602704048156738
3450,Normal,0.9610723853111267
3451,Normal,0.9601249694824219
3452,Normal,0.9603684544563293
3453,Normal,0.9614521861076355
3454,Normal,0.9610903263092041
3455,Normal,0.9610982537269592
3456,Normal,0.9614790678024292
3457,Normal,0.96132892370224
3458,Normal,0.9599592685699463
3459,Normal,0.9599910378456116
3460,Normal,0.9608350396156311
3461,Normal,0.9603331685066223
3462,Normal,0.9598783254623413
3463,Normal,0.9596003293991089
3464,Normal,0.9590197205543518
3465,Normal,0.9591125249862671
3466,Normal,0.9605547189712524
3467,Normal,0.9607449173927307
3468,Normal,0.9618507027626038
3469,Normal,0.961874783039093
3470,Normal,0.9608280062675476
3471,Normal,0.9606647491455078
3472,Normal,0.9596717953681946
3473,Normal,0.9610636830329895
3474,Normal,0.960839569568634
3475,Normal,0.9608338475227356
3476,Normal,0.9602431058883667
3477,Normal,0.9613498449325562
3478,Normal,0.9607455730438232
3479,Normal,0.9600411057472229
3480,Normal,0.959178626537323
3481,Normal,0.9590098857879639
3482,Normal,0.959077000617981
3483,Normal,0.9603748321533203
3484,Normal,0.9605187773704529
3485,Normal,0.9601605534553528
3486,Normal,0.9602171778678894
3487,Normal,0.961519181728363
3488,Normal,0.961013913154602
3489,Normal,0.9609478712081909
3490,Normal,0.9631140828132629
3491,Normal,0.9604214429855347
3492,Normal,0.9609590172767639
3493,Normal,0.960397481918335
3494,Normal,0.9606754183769226
3495,Normal,0.9604778289794922
3496,Normal,0.9604963064193726
3497,Normal,0.9592397212982178
3498,Normal,0.9595732688903809
3499,Normal,0.9595695734024048
3500,Normal,0.9589838981628418
3501,Normal,0.9591236710548401
3502,Normal,0.9602702856063843
3503,Normal,0.9610725045204163
3504,Normal,0.9601249694824219
3505,Normal,0.9603685736656189
3506,Normal,0.9614521861076355
3507,Normal,0.9610903263092041
3508,Normal,0.9610982537269592
3509,Normal,0.9614790081977844
3510,Normal,0.96132892370224
3511,Normal,0.9599592685699463
3512,Normal,0.9599910378456116
3513,Normal,0.9608351588249207
3514,Normal,0.9603331685066223
3515,Normal,0.9598784446716309
3516,Normal,0.9596003293991089
3517,Normal,0.9590197205543518
3518,Normal,0.9591125249862671
3519,Normal,0.9605545997619629
3520,Normal,0.9607449173927307
3521,Normal,0.9618507027626038
3522,Normal,0.9618749022483826
3523,Normal,0.9608280062675476
3524,Normal,0.9606648683547974
3525,Normal,0.9596718549728394
3526,Normal,0.9610636830329895
3527,Normal,0.960839569568634
3528,Normal,0.9608338475227356
3529,Normal,0.9602431058883667
3530,Normal,0.9613498449325562
3531,Normal,0.9607455730438232
3532,Normal,0.9600411057472229
3533,Normal,0.959178626537323
3534,Normal,0.9590098857879639
3535,Normal,0.959077000617981
3536,Normal,0.9603748321533203
3537,Normal,0.9605187773704529
3538,Normal,0.9601605534553528
3539,Normal,0.9602171778678894
3540,Normal,0.9615193009376526
3541,Normal,0.9610140323638916
3542,Normal,0.9609478712081909
3543,Normal,0.9631142020225525
3544,Normal,0.9604214429855347
3545,Normal,0.9609588980674744
3546,Normal,0.9603973627090454
3547,Normal,0.9606755375862122
3548,Normal,0.9604778289794922
3549,Normal,0.9604963064193726
3550,Normal,0.9592397212982178
3551,Normal,0.9595732688903809
3552,Normal,0.9595695734024048
3553,Normal,0.9589838981628418
3554,Normal,0.9591236710548401
3555,Normal,0.9602702856063843
3556,Normal,0.9610726237297058
3557,Normal,0.9601249694824219
3558,Normal,0.9603685736656189
3559,Normal,0.9614521861076355
3560,Normal,0.9610904455184937
3561,Normal,0.9610982537269592
3562,Normal,0.9614788889884949
3563,Normal,0.96132892370224
3564,Normal,0.9599593877792358
3565,Normal,0.9599910378456116
3566,Normal,0.9608352780342102
3567,Normal,0.9603331685066223
3568,Normal,0.9598784446716309
3569,Normal,0.9596003293991089
3570,Normal,0.9590197205543518
3571,Normal,0.9591125249862671
3572,Normal,0.9605545997619629
3573,Normal,0.9607449173927307
3574,Normal,0.9618507027626038
3575,Normal,0.9618750214576721
3576,Normal,0.9608281254768372
3577,Normal,0.9606648683547974
3578,Normal,0.9596718549728394
3579,Normal,0.9610635638237
3580,Normal,0.960839569568634
3581,Normal,0.9608338475227356
3582,Normal,0.9602431058883667
3583,Normal,0.9613498449325562
3584,Normal,0.9607456922531128
3585,Normal,0.9600412249565125
3586,Normal,0.959178626537323
3587,Normal,0.9590098857879639
3588,Normal,0.959077000617981
3589,Normal,0.9603748321533203
3590,Normal,0.9605187773704529
3591,Normal,0.9601605534553528
3592,Normal,0.960217297077179
3593,Normal,0.9615193009376526
3594,Normal,0.9610140323638916
3595,Normal,0.9609478712081909
3596,Normal,0.9631142020225525
3597,Normal,0.9604215621948242
3598,Normal,0.9609587788581848
3599,Normal,0.9603972434997559
3600,Normal,0.9606755375862122
3601,Normal,0.9604778289794922
3602,Normal,0.9604963064193726
3603,Normal,0.9592396020889282
3604,Normal,0.9595732688903809
3605,Normal,0.9595695734024048
3606,Normal,0.9589838981628418
3607,Normal,0.9591236710548401
3608,Normal,0.9602701663970947
3609,Normal,0.9610726237297058
3610,Normal,0.9601249694824219
3611,Normal,0.9603686332702637
3612,Normal,0.961452305316925
3613,Normal,0.9610904455184937
3614,Normal,0.9610981941223145
3615,Normal,0.9614787697792053
3616,Normal,0.9613288044929504
3617,Normal,0.9599593877792358
3618,Normal,0.9599910378456116
3619,Normal,0.9608352780342102
3620,Normal,0.9603331685066223
3621,Normal,0.9598784446716309
3622,Normal,0.9596002101898193
3623,Normal,0.9590197205543518
3624,Normal,0.959112286567688
3625,Normal,0.9605545997619629
3626,Normal,0.9607449173927307
3627,Normal,0.9618507027626038
3628,Normal,0.9618750810623169
3629,Normal,0.9608281254768372
3630,Normal,0.9606648683547974
3631,Normal,0.9596718549728394
3632,Normal,0.9610633850097656
3633,Normal,0.9608399271965027
3634,Normal,0.9608338475227356
3635,Normal,0.9602433443069458
3636,Normal,0.9613498449325562
3637,Normal,0.9607458114624023
3638,Normal,0.9600412249565125
3639,Normal,0.959178626537323
3640,Normal,0.9590098857879639
3641,Normal,0.959077000617981
3642,Normal,0.9603748321533203
3643,Normal,0.9605187773704529
3644,Normal,0.9601605534553528
3645,Normal,0.9602174162864685
3646,Normal,0.9615194201469421
3647,Normal,0.9610140323638916
3648,Normal,0.9609478712081909
3649,Normal,0.9631143808364868
3650,Normal,0.9604215621948242
3651,Normal,0.9609587788581848
3652,Normal,0.9603972434997559
3653,Normal,0.9606757164001465
3654,Normal,0.9604778289794922
3655,Normal,0.9604964256286621
3656,Normal,0.9592396020889282
3657,Normal,0.9595732688903809
3658,Normal,0.9595695734024048
3659,Normal,0.9589838981628418
3660,Normal,0.9591236710548401
3661,Normal,0.9602701663970947
3662,Normal,0.9610726237297058
3663,Normal,0.9601249694824219
3664,Normal,0.9603686332702637
3665,Normal,0.9614525437355042
3666,Normal,0.9610904455184937
3667,Normal,0.9610981941223145
3668,Normal,0.9614786505699158
3669,Normal,0.96132892370224
3670,Normal,0.9599595069885254
3671,Normal,0.959990918636322
3672,Normal,0.9608353972434998
3673,Normal,0.9603331685066223
3674,Normal,0.9598784446716309
3675,Normal,0.9596000909805298
3676,Normal,0.9590197205543518
3677,Normal,0.959112286567688
3678,Normal,0.9605545997619629
3679,Normal,0.9607450366020203
3680,Normal,0.9618507027626038
3681,Normal,0.9618752002716064
3682,Normal,0.9608282446861267
3683,Normal,0.9606648683547974
3684,Normal,0.9596720933914185
3685,Normal,0.9610633850097656
3686,Normal,0.9608398079872131
3687,Normal,0.9608339667320251
3688,Normal,0.9602433443069458
3689,Normal,0.9613500833511353
3690,Normal,0.9607459306716919
3691,Normal,0.9600412249565125
3692,Normal,0.959178626537323
3693,Normal,0.9590098857879639
3694,Normal,0.959077000617981
3695,Normal,0.9603747129440308
3696,Normal,0.9605188965797424
3697,Normal,0.9601605534553528
3698,Normal,0.9602174162864685
3699,Normal,0.9615194201469421
3700,Normal,0.9610141515731812
3701,Normal,0.9609479904174805
3702,Normal,0.9631143808364868
3703,Normal,0.9604215621948242
3704,Normal,0.9609587788581848
3705,Normal,0.9603972434997559
3706,Normal,0.9606757164001465
3707,Normal,0.9604778289794922
3708,Normal,0.9604964256286621
3709,Normal,0.9592396020889282
3710,Normal,0.9595732688903809
3711,Normal,0.9595695734024048
3712,Normal,0.9589838981628418
3713,Normal,0.9591236710548401
3714,Normal,0.9602701663970947
3715,Normal,0.9610726237297058
3716,Normal,0.9601249694824219
3717,Normal,0.9603687524795532
3718,Normal,0.9614525437355042
3719,Normal,0.9610904455184937
3720,Normal,0.9610980749130249
3721,Normal,0.9614784121513367
3722,Normal,0.9613291621208191
3723,Normal,0.9599593877792358
3724,Normal,0.959990918636322
3725,Normal,0.9608355164527893
3726,Normal,0.9603331685066223
3727,Normal,0.9598784446716309
3728,Normal,0.9596000909805298
3729,Normal,0.9590197205543518
3730,Normal,0.959112286567688
3731,Normal,0.9605545997619629
3732,Normal,0.9607450366020203
3733,Normal,0.9618507027626038
3734,Normal,0.961875319480896
3735,Normal,0.9608282446861267
3736,Normal,0.9606648683547974
3737,Normal,0.9596720933914185
3738,Normal,0.9610633850097656
3739,Normal,0.9608399271965027
3740,Normal,0.9608339667320251
3741,Normal,0.9602433443069458
3742,Normal,0.9613500833511353
3743,Normal,0.9607459306716919
3744,Normal,0.9600412249565125
3745,Normal,0.959178626537323
3746,Normal,0.9590098857879639
3747,Normal,0.959077000617981
3748,Normal,0.9603748321533203
3749,Normal,0.9605188965797424
3750,Normal,0.9601605534553528
3751,Normal,0.9602174162864685
3752,Normal,0.9615195393562317
3753,Normal,0.9610141515731812
3754,Normal,0.9609479904174805
3755,Normal,0.9631146192550659
3756,Normal,0.9604215621948242
3757,Normal,0.9609587788581848
3758,Normal,0.9603971242904663
3759,Normal,0.9606757164001465
3760,Normal,0.9604778289794922
3761,Normal,0.9604964256286621
3762,Normal,0.9592394828796387
3763,Normal,0.9595732092857361
3764,Normal,0.9595695734024048
3765,Normal,0.9589838981628418
3766,Normal,0.9591236710548401
3767,Normal,0.9602701663970947
3768,Normal,0.9610726237297058
3769,Normal,0.9601249694824219
3770,Normal,0.9603687524795532
3771,Normal,0.9614525437355042
3772,Normal,0.9610905647277832
3773,Normal,0.9610980749130249
3774,Normal,0.9614783525466919
3775,Normal,0.9613290429115295
3776,Normal,0.9599595069885254
3777,Normal,0.959990918636322
3778,Normal,0.9608356952667236
3779,Normal,0.9603331685066223
3780,Normal,0.9598784446716309
3781,Normal,0.9596000909805298
3782,Normal,0.9590197205543518
3783,Normal,0.959112286567688
3784,Normal,0.9605545997619629
3785,Normal,0.9607451558113098
3786,Normal,0.9618507027626038
3787,Normal,0.9618754386901855
3788,Normal,0.9608282446861267
3789,Normal,0.9606649279594421
3790,Normal,0.9596719741821289
3791,Normal,0.9610631465911865
3792,Normal,0.9608399271965027
3793,Normal,0.9608340859413147
3794,Normal,0.9602433443069458
3795,Normal,0.9613500833511353
3796,Normal,0.9607460498809814
3797,Normal,0.9600412249565125
3798,Normal,0.959178626537323
3799,Normal,0.9590098857879639
3800,Normal,0.959077000617981
3801,Normal,0.9603747129440308
3802,Normal,0.9605189561843872
3803,Normal,0.9601605534553528
3804,Normal,0.9602174162864685
3805,Normal,0.9615195393562317
3806,Normal,0.9610141515731812
3807,Normal,0.9609479904174805
3808,Normal,0.9631146192550659
3809,Normal,0.9604216814041138
3810,Normal,0.9609585404396057
3811,Normal,0.9603971242904663
3812,Normal,0.960675835609436
3813,Normal,0.9604779481887817
3814,Normal,0.9604964256286621
3815,Normal,0.9592396020889282
3816,Normal,0.9595732688903809
3817,Normal,0.9595695734024048
3818,Normal,0.9589838981628418
3819,Normal,0.9591235518455505
3820,Normal,0.9602701663970947
3821,Normal,0.9610728621482849
3822,Normal,0.9601249694824219
3823,Normal,0.9603687524795532
3824,Normal,0.9614525437355042
3825,Normal,0.9610905647277832
3826,Normal,0.9610980749130249
3827,Normal,0.9614783525466919
3828,Normal,0.9613290429115295
3829,Normal,0.9599595069885254
3830,Normal,0.959990918636322
3831,Normal,0.9608356952667236
3832,Normal,0.9603331685066223
3833,Normal,0.9598784446716309
3834,Normal,0.9596000909805298
3835,Normal,0.9590197205543518
3836,Normal,0.9591124057769775
3837,Normal,0.9605544805526733
3838,Normal,0.9607452750205994
3839,Normal,0.9618508219718933
3840,Normal,0.9618755578994751
3841,Normal,0.9608282446861267
3842,Normal,0.9606649279594421
3843,Normal,0.9596719741821289
3844,Normal,0.9610631465911865
3845,Normal,0.9608399271965027
3846,Normal,0.9608340859413147
3847,Normal,0.9602433443069458
3848,Normal,0.9613502025604248
3849,Normal,0.960746169090271
3850,Normal,0.960041344165802
3851,Normal,0.959178626537323
3852,Normal,0.9590098857879639
3853,Normal,0.959077000617981
3854,Normal,0.9603747129440308
3855,Normal,0.9605190753936768
3856,Normal,0.9601605534553528
3857,Normal,0.9602174758911133
3858,Normal,0.9615197777748108
3859,Normal,0.9610141515731812
3860,Normal,0.9609478712081909
3861,Normal,0.9631146192550659
3862,Normal,0.9604216814041138
3863,Normal,0.9609584808349609
3864,Normal,0.9603971242904663
3865,Normal,0.960675835609436
3866,Normal,0.9604779481887817
3867,Normal,0.9604964256286621
3868,Normal,0.9592394828796387
3869,Normal,0.9595732092857361
3870,Normal,0.9595695734024048
3871,Normal,0.9589838981628418
3872,Normal,0.9591235518455505
3873,Normal,0.9602701663970947
3874,Normal,0.9610728621482849
3875,Normal,0.9601250886917114
3876,Normal,0.9603687524795532
3877,Normal,0.9614526629447937
3878,Normal,0.9610905647277832
3879,Normal,0.9610980749130249
3880,Normal,0.9614782333374023
3881,Normal,0.9613290429115295
3882,Normal,0.9599595069885254
3883,Normal,0.9599907994270325
3884,Normal,0.9608356952667236
3885,Normal,0.9603332281112671
3886,Normal,0.9598784446716309
3887,Normal,0.9596000909805298
3888,Normal,0.9590197205543518
3889,Normal,0.959112286567688
3890,Normal,0.9605544805526733
3891,Normal,0.9607452750205994
3892,Normal,0.9618508219718933
3893,Normal,0.9618756771087646
3894,Normal,0.9608282446861267
3895,Normal,0.9606649279594421
3896,Normal,0.9596720933914185
3897,Normal,0.9610631465911865
3898,Normal,0.9608399271965027
3899,Normal,0.9608340859413147
3900,Normal,0.9602433443069458
3901,Normal,0.9613502025604248
3902,Normal,0.960746169090271
3903,Normal,0.960041344165802
3904,Normal,0.959178626537323
3905,Normal,0.9590098857879639
3906,Normal,0.959077000617981
3907,Normal,0.9603747129440308
3908,Normal,0.9605190753936768
3909,Normal,0.9601605534553528
3910,Normal,0.9602175951004028
3911,Normal,0.9615197777748108
3912,Normal,0.9610141515731812
3913,Normal,0.9609479904174805
3914,Normal,0.9631147384643555
3915,Normal,0.9604216814041138
3916,Normal,0.9609584808349609
3917,Normal,0.960396945476532
3918,Normal,0.9606759548187256
3919,Normal,0.9604780673980713
3920,Normal,0.9604964256286621
3921,Normal,0.9592394828796387
3922,Normal,0.9595732092857361
3923,Normal,0.9595695734024048
3924,Normal,0.9589838981628418
3925,Normal,0.9591235518455505
3926,Normal,0.9602700471878052
3927,Normal,0.9610728621482849
3928,Normal,0.9601250886917114
3929,Normal,0.9603688716888428
3930,Normal,0.9614527821540833
3931,Normal,0.9610905647277832
3932,Normal,0.9610980749130249
3933,Normal,0.9614781141281128
3934,Normal,0.9613290429115295
3935,Normal,0.9599595069885254
3936,Normal,0.9599906802177429
3937,Normal,0.9608356952667236
3938,Normal,0.9603332281112671
3939,Normal,0.9598785638809204
3940,Normal,0.9596000909805298
3941,Normal,0.9590196013450623
3942,Normal,0.959112286567688
3943,Normal,0.9605544805526733
3944,Normal,0.9607452750205994
3945,Normal,0.9618508219718933
3946,Normal,0.9618757367134094
3947,Normal,0.9608283638954163
3948,Normal,0.9606649279594421
3949,Normal,0.9596720933914185
3950,Normal,0.9610629081726074
3951,Normal,0.9608399271965027
3952,Normal,0.9608340859413147
3953,Normal,0.9602434635162354
3954,Normal,0.9613502621650696
3955,Normal,0.9607462286949158
3956,Normal,0.960041344165802
3957,Normal,0.959178626537323
3958,Normal,0.9590098857879639
3959,Normal,0.959077000617981
3960,Normal,0.9603747129440308
3961,Normal,0.9605190753936768
3962,Normal,0.9601605534553528
3963,Normal,0.9602175951004028
3964,Normal,0.9615197777748108
3965,Normal,0.9610141515731812
3966,Normal,0.9609479904174805
3967,Normal,0.9631147384643555
3968,Normal,0.9604216814041138
3969,Normal,0.9609584808349609
3970,Normal,0.9603968262672424
3971,Normal,0.9606760740280151
3972,Normal,0.9604780673980713
3973,Normal,0.9604964256286621
3974,Normal,0.9592394828796387
3975,Normal,0.9595732092857361
3976,Normal,0.9595694541931152
3977,Normal,0.9589838981628418
3978,Normal,0.9591235518455505
3979,Normal,0.9602700471878052
3980,Normal,0.9610728621482849
3981,Normal,0.9601250886917114
3982,Normal,0.9603688716888428
3983,Normal,0.961452841758728
3984,Normal,0.9610906839370728
3985,Normal,0.9610979557037354
3986,Normal,0.9614781141281128
3987,Normal,0.9613290429115295
3988,Normal,0.9599595069885254
3989,Normal,0.9599906802177429
3990,Normal,0.9608358144760132
3991,Normal,0.9603332281112671
3992,Normal,0.9598785638809204
3993,Normal,0.9596000909805298
3994,Normal,0.9590196013450623
3995,Normal,0.959112286567688
3996,Normal,0.9605544209480286
3997,Normal,0.9607453942298889
3998,Normal,0.9618508219718933
3999,Normal,0.9618757367134094
4000,Normal,0.9608283638954163
4001,Normal,0.9606649279594421
4002,Normal,0.9596720933914185
4003,Normal,0.9610629081726074
4004,Normal,0.9608399271965027
4005,Normal,0.9608340859413147
4006,Normal,0.9602434635162354
4007,Normal,0.9613502621650696
4008,Normal,0.9607462286949158
4009,Normal,0.960041344165802
4010,Normal,0.959178626537323
4011,Normal,0.9590100049972534
4012,Normal,0.9590768814086914
4013,Normal,0.9603747129440308
4014,Normal,0.9605190753936768
4015,Normal,0.9601605534553528
4016,Normal,0.9602177143096924
4017,Normal,0.9615198969841003
4018,Normal,0.9610141515731812
4019,Normal,0.9609479904174805
4020,Normal,0.963114857673645
4021,Normal,0.9604216814041138
4022,Normal,0.9609584808349609
4023,Normal,0.960396945476532
4024,Normal,0.9606760740280151
4025,Normal,0.9604780673980713
4026,Normal,0.9604964256286621
4027,Normal,0.9592394828796387
4028,Normal,0.9595732092857361
4029,Normal,0.9595693349838257
4030,Normal,0.9589837789535522
4031,Normal,0.9591235518455505
4032,Normal,0.9602699279785156
4033,Normal,0.9610728621482849
4034,Normal,0.9601250886917114
4035,Normal,0.9603688716888428
4036,Normal,0.961452841758728
4037,Normal,0.9610906839370728
4038,Normal,0.9610979557037354
4039,Normal,0.9614779949188232
4040,Normal,0.9613290429115295
4041,Normal,0.9599596261978149
4042,Normal,0.9599906802177429
4043,Normal,0.9608358144760132
4044,Normal,0.9603332281112671
4045,Normal,0.9598785638809204
4046,Normal,0.9595999717712402
4047,Normal,0.9590196013450623
4048,Normal,0.959112286567688
4049,Normal,0.9605544209480286
4050,Normal,0.9607453942298889
4051,Normal,0.9618508219718933
4052,Normal,0.9618757367134094
4053,Normal,0.9608283638954163
4054,Normal,0.9606650471687317
4055,Normal,0.9596720933914185
4056,Normal,0.9610629081726074
4057,Normal,0.9608400464057922
4058,Normal,0.9608340859413147
4059,Normal,0.9602434635162354
4060,Normal,0.9613503813743591
4061,Normal,0.9607464671134949
4062,Normal,0.960041344165802
4063,Normal,0.9591785073280334
4064,Normal,0.9590098857879639
4065,Normal,0.9590768814086914
4066,Normal,0.9603747129440308
4067,Normal,0.9605190753936768
4068,Normal,0.9601605534553528
4069,Normal,0.9602177143096924
4070,Normal,0.9615198969841003
4071,Normal,0.9610142707824707
4072,Normal,0.9609479904174805
4073,Normal,0.963114857673645
4074,Normal,0.9604216814041138
4075,Normal,0.9609582424163818
4076,Normal,0.9603968262672424
4077,Normal,0.9606761932373047
4078,Normal,0.9604780673980713
4079,Normal,0.9604964256286621
4080,Normal,0.9592394828796387
4081,Normal,0.9595732092857361
4082,Normal,0.9595694541931152
4083,Normal,0.9589837789535522
4084,Normal,0.9591235518455505
4085,Normal,0.9602699279785156
4086,Normal,0.9610729217529297
4087,Normal,0.9601250886917114
4088,Normal,0.9603688716888428
4089,Normal,0.9614529609680176
4090,Normal,0.9610906839370728
4091,Normal,0.9610978364944458
4092,Normal,0.9614779949188232
4093,Normal,0.96132892370224
4094,Normal,0.9599596261978149
4095,Normal,0.9599906802177429
4096,Normal,0.9608359336853027
4097,Normal,0.9603332281112671
4098,Normal,0.9598785638809204
4099,Normal,0.9595999717712402
4100,Normal,0.9590196013450623
4101,Normal,0.9591121673583984
4102,Normal,0.9605544209480286
4103,Normal,0.9607453942298889
4104,Normal,0.9618508219718933
4105,Normal,0.9618760943412781
4106,Normal,0.9608283638954163
4107,Normal,0.9606650471687317
4108,Normal,0.9596720933914185
4109,Normal,0.9610629081726074
4110,Normal,0.9608400464057922
4111,Normal,0.9608340859413147
4112,Normal,0.9602434635162354
4113,Normal,0.9613503813743591
4114,Normal,0.9607464671134949
4115,Normal,0.960041344165802
4116,Normal,0.9591785073280334
4117,Normal,0.9590100049972534
4118,Normal,0.9590768814086914
4119,Normal,0.9603747129440308
4120,Normal,0.9605190753936768
4121,Normal,0.9601606726646423
4122,Normal,0.9602177143096924
4123,Normal,0.9615199565887451
4124,Normal,0.9610145092010498
4125,Normal,0.9609479904174805
4126,Normal,0.9631149768829346
4127,Normal,0.9604217410087585
4128,Normal,0.9609582424163818
4129,Normal,0.9603967070579529
4130,Normal,0.9606762528419495
4131,Normal,0.9604781866073608
4132,Normal,0.9604966640472412
4133,Normal,0.9592394828796387
4134,Normal,0.9595732092857361
4135,Normal,0.9595693349838257
4136,Normal,0.9589837789535522
4137,Normal,0.9591235518455505
4138,Normal,0.9602699279785156
4139,Normal,0.9610729217529297
4140,Normal,0.9601250886917114
4141,Normal,0.9603691101074219
4142,Normal,0.9614529609680176
4143,Normal,0.9610906839370728
4144,Normal,0.9610978364944458
4145,Normal,0.9614777565002441
4146,Normal,0.9613290429115295
4147,Normal,0.9599596261978149
4148,Normal,0.9599906802177429
4149,Normal,0.9608359336853027
4150,Normal,0.9603332281112671
4151,Normal,0.9598785638809204
4152,Normal,0.9595999717712402
4153,Normal,0.9590196013450623
4154,Normal,0.9591121673583984
4155,Normal,0.9605544209480286
4156,Normal,0.9607453942298889
4157,Normal,0.9618509411811829
4158,Normal,0.9618760943412781
4159,Normal,0.9608283638954163
4160,Normal,0.9606650471687317
4161,Normal,0.959672212600708
4162,Normal,0.9610628485679626
4163,Normal,0.9608400464057922
4164,Normal,0.9608340859413147
4165,Normal,0.9602435827255249
4166,Normal,0.9613503813743591
4167,Normal,0.9607464671134949
4168,Normal,0.960041344165802
4169,Normal,0.9591785073280334
4170,Normal,0.9590100049972534
4171,Normal,0.9590768814086914
4172,Normal,0.9603747129440308
4173,Normal,0.9605191946029663
4174,Normal,0.9601605534553528
4175,Normal,0.9602177143096924
4176,Normal,0.9615199565887451
4177,Normal,0.9610145092010498
4178,Normal,0.9609482288360596
4179,Normal,0.9631149768829346
4180,Normal,0.9604217410087585
4181,Normal,0.9609582424163818
4182,Normal,0.9603967070579529
4183,Normal,0.9606762528419495
4184,Normal,0.9604780673980713
4185,Normal,0.9604967832565308
4186,Normal,0.9592394828796387
4187,Normal,0.9595732092857361
4188,Normal,0.9595693349838257
4189,Normal,0.9589837789535522
4190,Normal,0.9591235518455505
4191,Normal,0.9602699279785156
4192,Normal,0.9610729217529297
4193,Normal,0.9601250886917114
4194,Normal,0.9603691101074219
4195,Normal,0.9614529609680176
4196,Normal,0.9610906839370728
4197,Normal,0.9610978364944458
4198,Normal,0.9614776372909546
4199,Normal,0.9613290429115295
4200,Normal,0.9599596261978149
4201,Normal,0.9599906802177429
4202,Normal,0.9608359336853027
4203,Normal,0.9603332281112671
4204,Normal,0.9598785638809204
4205,Normal,0.9595998525619507
4206,Normal,0.9590196013450623
4207,Normal,0.9591121673583984
4208,Normal,0.9605544209480286
4209,Normal,0.9607453942298889
4210,Normal,0.9618509411811829
4211,Normal,0.9618760943412781
4212,Normal,0.9608285427093506
4213,Normal,0.9606651663780212
4214,Normal,0.959672212600708
4215,Normal,0.9610626101493835
4216,Normal,0.9608400464057922
4217,Normal,0.9608340859413147
4218,Normal,0.9602435827255249
4219,Normal,0.9613503813743591
4220,Normal,0.9607465863227844
4221,Normal,0.960041344165802
4222,Normal,0.9591785073280334
4223,Normal,0.9590100049972534
4224,Normal,0.9590768814086914
4225,Normal,0.9603747129440308
4226,Normal,0.9605191946029663
4227,Normal,0.9601606726646423
4228,Normal,0.9602178335189819
4229,Normal,0.9615199565887451
4230,Normal,0.9610143899917603
4231,Normal,0.9609482288360596
4232,Normal,0.9631150960922241
4233,Normal,0.9604217410087585
4234,Normal,0.9609582424163818
4235,Normal,0.9603967070579529
4236,Normal,0.9606762528419495
4237,Normal,0.9604780673980713
4238,Normal,0.9604967832565308
4239,Normal,0.9592394828796387
4240,Normal,0.9595732688903809
4241,Normal,0.9595693349838257
4242,Normal,0.9589837789535522
4243,Normal,0.9591235518455505
4244,Normal,0.9602699279785156
4245,Normal,0.9610730409622192
4246,Normal,0.9601250886917114
4247,Normal,0.9603691101074219
4248,Normal,0.9614530801773071
4249,Normal,0.9610906839370728
4250,Normal,0.9610978364944458
4251,Normal,0.9614776372909546
4252,Normal,0.96132892370224
4253,Normal,0.9599596261978149
4254,Normal,0.9599905610084534
4255,Normal,0.9608361721038818
4256,Normal,0.9603333473205566
4257,Normal,0.9598785638809204
4258,Normal,0.9595998525619507
4259,Normal,0.9590196013450623
4260,Normal,0.9591121673583984
4261,Normal,0.960554301738739
4262,Normal,0.9607453942298889
4263,Normal,0.9618509411811829
4264,Normal,0.9618762135505676
4265,Normal,0.9608285427093506
4266,Normal,0.9606652855873108
4267,Normal,0.959672212600708
4268,Normal,0.9610626101493835
4269,Normal,0.9608400464057922
4270,Normal,0.9608342051506042
4271,Normal,0.9602436423301697
4272,Normal,0.9613505005836487
4273,Normal,0.9607465863227844
4274,Normal,0.960041344165802
4275,Normal,0.9591785073280334
4276,Normal,0.9590100049972534
4277,Normal,0.9590767621994019
4278,Normal,0.9603747129440308
4279,Normal,0.9605191946029663
4280,Normal,0.9601606726646423
4281,Normal,0.9602178335189819
4282,Normal,0.9615200757980347
4283,Normal,0.9610145092010498
4284,Normal,0.96094810962677
4285,Normal,0.9631150960922241
4286,Normal,0.9604217410087585
4287,Normal,0.9609582424163818
4288,Normal,0.9603967070579529
4289,Normal,0.9606762528419495
4290,Normal,0.9604780673980713
4291,Normal,0.9604967832565308
4292,Normal,0.9592394828796387
4293,Normal,0.9595732688903809
4294,Normal,0.9595693349838257
4295,Normal,0.9589837789535522
4296,Normal,0.9591235518455505
4297,Normal,0.9602698087692261
4298,Normal,0.9610730409622192
4299,Normal,0.9601250886917114
4300,Normal,0.9603689908981323
4301,Normal,0.9614530801773071
4302,Normal,0.9610906839370728
4303,Normal,0.9610978364944458
4304,Normal,0.9614776372909546
4305,Normal,0.96132892370224
4306,Normal,0.9599596261978149
4307,Normal,0.9599905610084534
4308,Normal,0.9608361721038818
4309,Normal,0.9603333473205566
4310,Normal,0.9598785638809204
4311,Normal,0.9595998525619507
4312,Normal,0.9590196013450623
4313,Normal,0.9591121673583984
4314,Normal,0.960554301738739
4315,Normal,0.9607455134391785
4316,Normal,0.9618509411811829
4317,Normal,0.9618762135505676
4318,Normal,0.9608286619186401
4319,Normal,0.9606652855873108
4320,Normal,0.9596723318099976
4321,Normal,0.9610626101493835
4322,Normal,0.9608400464057922
4323,Normal,0.9608342051506042
4324,Normal,0.9602436423301697
4325,Normal,0.9613505005836487
4326,Normal,0.960746705532074
4327,Normal,0.9600414633750916
4328,Normal,0.9591785073280334
4329,Normal,0.9590100049972534
4330,Normal,0.9590768814086914
4331,Normal,0.9603745937347412
4332,Normal,0.9605191946029663
4333,Normal,0.9601606726646423
4334,Normal,0.9602178335189819
4335,Normal,0.9615200757980347
4336,Normal,0.9610145092010498
4337,Normal,0.9609482288360596
4338,Normal,0.9631151556968689
4339,Normal,0.9604217410087585
4340,Normal,0.9609581232070923
4341,Normal,0.9603967070579529
4342,Normal,0.9606762528419495
4343,Normal,0.9604780673980713
4344,Normal,0.9604967832565308
4345,Normal,0.9592394828796387
4346,Normal,0.9595732688903809
4347,Normal,0.9595693349838257
4348,Normal,0.9589837789535522
4349,Normal,0.9591235518455505
4350,Normal,0.9602696895599365
4351,Normal,0.9610732793807983
4352,Normal,0.9601250886917114
4353,Normal,0.9603689908981323
4354,Normal,0.9614530801773071
4355,Normal,0.9610906839370728
4356,Normal,0.9610977172851562
4357,Normal,0.9614775776863098
4358,Normal,0.9613290429115295
4359,Normal,0.9599597454071045
4360,Normal,0.9599905610084534
4361,Normal,0.9608361721038818
4362,Normal,0.9603333473205566
4363,Normal,0.9598785638809204
4364,Normal,0.9595998525619507
4365,Normal,0.9590196013450623
4366,Normal,0.9591121673583984
4367,Normal,0.960554301738739
4368,Normal,0.9607455134391785
4369,Normal,0.9618509411811829
4370,Normal,0.9618763327598572
4371,Normal,0.9608286619186401
4372,Normal,0.9606652855873108
4373,Normal,0.9596723318099976
4374,Normal,0.961062490940094
4375,Normal,0.9608400464057922
4376,Normal,0.960834264755249
4377,Normal,0.9602436423301697
4378,Normal,0.9613505005836487
4379,Normal,0.960746705532074
4380,Normal,0.9600414633750916
4381,Normal,0.9591783881187439
4382,Normal,0.9590100049972534
4383,Normal,0.9590768814086914
4384,Normal,0.9603745937347412
4385,Normal,0.9605193138122559
4386,Normal,0.9601606726646423
4387,Normal,0.9602177143096924
4388,Normal,0.9615203142166138
4389,Normal,0.9610145092010498
4390,Normal,0.9609482288360596
4391,Normal,0.9631151556968689
4392,Normal,0.9604217410087585
4393,Normal,0.9609580039978027
4394,Normal,0.9603964686393738
4395,Normal,0.9606764912605286
4396,Normal,0.9604781866073608
4397,Normal,0.9604967832565308
4398,Normal,0.9592394828796387
4399,Normal,0.9595732688903809
4400,Normal,0.9595693349838257
4401,Normal,0.9589837789535522
4402,Normal,0.9591235518455505
4403,Normal,0.9602696895599365
4404,Normal,0.9610731601715088
4405,Normal,0.9601250886917114
4406,Normal,0.9603691101074219
4407,Normal,0.9614531993865967
4408,Normal,0.9610906839370728
4409,Normal,0.9610977172851562
4410,Normal,0.9614774584770203
4411,Normal,0.9613290429115295
4412,Normal,0.9599596261978149
4413,Normal,0.9599905610084534
4414,Normal,0.9608361721038818
4415,Normal,0.9603333473205566
4416,Normal,0.9598785638809204
4417,Normal,0.9595998525619507
4418,Normal,0.9590196013450623
4419,Normal,0.9591121673583984
4420,Normal,0.960554301738739
4421,Normal,0.9607455134391785
4422,Normal,0.9618508219718933
4423,Normal,0.9618765115737915
4424,Normal,0.9608286619186401
4425,Normal,0.9606652855873108
4426,Normal,0.9596723318099976
4427,Normal,0.961062490940094
4428,Normal,0.9608400464057922
4429,Normal,0.960834264755249
4430,Normal,0.9602436423301697
4431,Normal,0.9613505005836487
4432,Normal,0.960746705532074
4433,Normal,0.9600414633750916
4434,Normal,0.9591783881187439
4435,Normal,0.9590100049972534
4436,Normal,0.9590768814086914
4437,Normal,0.9603744745254517
4438,Normal,0.9605193138122559
4439,Normal,0.9601606726646423
4440,Normal,0.9602178335189819
4441,Normal,0.9615203142166138
4442,Normal,0.9610145092010498
4443,Normal,0.96094810962677
4444,Normal,0.9631151556968689
4445,Normal,0.9604218602180481
4446,Normal,0.9609578847885132
4447,Normal,0.9603964686393738
4448,Normal,0.9606764912605286
4449,Normal,0.9604780673980713
4450,Normal,0.9604967832565308
4451,Normal,0.9592394828796387
4452,Normal,0.9595732688903809
4453,Normal,0.9595693349838257
4454,Normal,0.9589837789535522
4455,Normal,0.9591234922409058
4456,Normal,0.9602696895599365
4457,Normal,0.9610731601715088
4458,Normal,0.9601250886917114
4459,Normal,0.9603691101074219
4460,Normal,0.9614533185958862
4461,Normal,0.9610906839370728
4462,Normal,0.9610977172851562
4463,Normal,0.9614774584770203
4464,Normal,0.9613288044929504
4465,Normal,0.9599597454071045
4466,Normal,0.9599905014038086
4467,Normal,0.9608362913131714
4468,Normal,0.9603333473205566
4469,Normal,0.9598785638809204
4470,Normal,0.9595998525619507
4471,Normal,0.9590196013450623
4472,Normal,0.9591121673583984
4473,Normal,0.960554301738739
4474,Normal,0.9607455134391785
4475,Normal,0.9618509411811829
4476,Normal,0.9618765115737915
4477,Normal,0.9608286619186401
4478,Normal,0.9606652855873108
4479,Normal,0.9596723318099976
4480,Normal,0.9610623717308044
4481,Normal,0.9608400464057922
4482,Normal,0.960834264755249
4483,Normal,0.9602436423301697
4484,Normal,0.9613506197929382
4485,Normal,0.9607468247413635
4486,Normal,0.9600414633750916
4487,Normal,0.9591783881187439
4488,Normal,0.9590100049972534
4489,Normal,0.9590768814086914
4490,Normal,0.9603743553161621
4491,Normal,0.9605193138122559
4492,Normal,0.9601606726646423
4493,Normal,0.9602179527282715
4494,Normal,0.9615203142166138
4495,Normal,0.9610145092010498
4496,Normal,0.9609482288360596
4497,Normal,0.9631152749061584
4498,Normal,0.9604218602180481
4499,Normal,0.9609578847885132
4500,Normal,0.9603964686393738
4501,Normal,0.9606766104698181
4502,Normal,0.9604781866073608
4503,Normal,0.9604967832565308
4504,Normal,0.9592394828796387
4505,Normal,0.9595732688903809
4506,Normal,0.9595693349838257
4507,Normal,0.9589837789535522
4508,Normal,0.9591234922409058
4509,Normal,0.9602696299552917
4510,Normal,0.9610731601715088
4511,Normal,0.9601250886917114
4512,Normal,0.9603691101074219
4513,Normal,0.9614533185958862
4514,Normal,0.9610906839370728
4515,Normal,0.9610977172851562
4516,Normal,0.9614774584770203
4517,Normal,0.9613288044929504
4518,Normal,0.9599597454071045
4519,Normal,0.959990382194519
4520,Normal,0.9608364105224609
4521,Normal,0.9603333473205566
4522,Normal,0.9598785638809204
4523,Normal,0.9595998525619507
4524,Normal,0.9590196013450623
4525,Normal,0.9591121673583984
4526,Normal,0.9605541825294495
4527,Normal,0.9607455134391785
4528,Normal,0.9618508219718933
4529,Normal,0.9618765115737915
4530,Normal,0.9608286619186401
4531,Normal,0.9606652855873108
4532,Normal,0.9596723318099976
4533,Normal,0.9610623717308044
4534,Normal,0.9608400464057922
4535,Normal,0.960834264755249
4536,Normal,0.9602436423301697
4537,Normal,0.9613506197929382
4538,Normal,0.9607469439506531
4539,Normal,0.9600414633750916
4540,Normal,0.9591783881187439
4541,Normal,0.9590100049972534
4542,Normal,0.9590768814086914
4543,Normal,0.9603743553161621
4544,Normal,0.9605193138122559
4545,Normal,0.9601606726646423
4546,Normal,0.9602179527282715
4547,Normal,0.9615203142166138
4548,Normal,0.9610145092010498
4549,Normal,0.9609482288360596
4550,Normal,0.963115394115448
4551,Normal,0.9604218602180481
4552,Normal,0.9609578847885132
4553,Normal,0.9603964686393738
4554,Normal,0.9606766104698181
4555,Normal,0.9604781866073608
4556,Normal,0.9604967832565308
4557,Normal,0.9592394232749939
4558,Normal,0.9595732688903809
4559,Normal,0.9595693349838257
4560,Normal,0.9589836597442627
4561,Normal,0.9591234922409058
4562,Normal,0.9602696299552917
4563,Normal,0.9610732793807983
4564,Normal,0.9601250886917114
4565,Normal,0.9603691101074219
4566,Normal,0.9614533185958862
4567,Normal,0.9610908031463623
4568,Normal,0.9610977172851562
4569,Normal,0.9614773392677307
4570,Normal,0.9613288044929504
4571,Normal,0.9599597454071045
4572,Normal,0.959990382194519
4573,Normal,0.9608364105224609
4574,Normal,0.9603333473205566
4575,Normal,0.9598785638809204
4576,Normal,0.9595998525619507
4577,Normal,0.9590196013450623
4578,Normal,0.9591120481491089
4579,Normal,0.9605541825294495
4580,Normal,0.9607455730438232
4581,Normal,0.9618508219718933
4582,Normal,0.9618765115737915
4583,Normal,0.9608286619186401
4584,Normal,0.9606654047966003
4585,Normal,0.9596723318099976
4586,Normal,0.9610622525215149
4587,Normal,0.960840106010437
4588,Normal,0.960834264755249
4589,Normal,0.9602436423301697
4590,Normal,0.9613506197929382
4591,Normal,0.9607469439506531
4592,Normal,0.9600414633750916
4593,Normal,0.9591783285140991
4594,Normal,0.9590100049972534
4595,Normal,0.9590768814086914
4596,Normal,0.9603743553161621
4597,Normal,0.9605194330215454
4598,Normal,0.9601606726646423
4599,Normal,0.9602179527282715
4600,Normal,0.9615203142166138
4601,Normal,0.9610145092010498
4602,Normal,0.9609483480453491
4603,Normal,0.963115394115448
4604,Normal,0.9604218602180481
4605,Normal,0.9609578847885132
4606,Normal,0.9603964686393738
4607,Normal,0.9606766104698181
4608,Normal,0.9604781866073608
4609,Normal,0.9604967832565308
4610,Normal,0.9592394232749939
4611,Normal,0.9595732688903809
4612,Normal,0.9595693349838257
4613,Normal,0.9589837789535522
4614,Normal,0.9591234922409058
4615,Normal,0.9602696299552917
4616,Normal,0.9610732793807983
4617,Normal,0.9601250886917114
4618,Normal,0.9603691101074219
4619,Normal,0.9614533185958862
4620,Normal,0.9610906839370728
4621,Normal,0.9610977172851562
4622,Normal,0.9614772200584412
4623,Normal,0.96132892370224
4624,Normal,0.9599597454071045
4625,Normal,0.959990382194519
4626,Normal,0.9608364105224609
4627,Normal,0.9603333473205566
4628,Normal,0.9598785638809204
4629,Normal,0.9595998525619507
4630,Normal,0.9590196013450623
4631,Normal,0.9591120481491089
4632,Normal,0.9605540633201599
4633,Normal,0.9607456922531128
4634,Normal,0.9618508219718933
4635,Normal,0.961876630783081
4636,Normal,0.9608286619186401
4637,Normal,0.9606654047966003
4638,Normal,0.9596723318099976
4639,Normal,0.9610622525215149
4640,Normal,0.960840106010437
4641,Normal,0.960834264755249
4642,Normal,0.9602436423301697
4643,Normal,0.9613506197929382
4644,Normal,0.9607469439506531
4645,Normal,0.9600414633750916
4646,Normal,0.9591783285140991
4647,Normal,0.9590100049972534
4648,Normal,0.9590768814086914
4649,Normal,0.9603743553161621
4650,Normal,0.960519552230835
4651,Normal,0.9601606726646423
4652,Normal,0.9602179527282715
4653,Normal,0.9615203142166138
4654,Normal,0.9610145092010498
4655,Normal,0.9609482288360596
4656,Normal,0.963115394115448
4657,Normal,0.9604218602180481
4658,Normal,0.9609578847885132
4659,Normal,0.9603964686393738
4660,Normal,0.9606766104698181
4661,Normal,0.9604781866073608
4662,Normal,0.9604967832565308
4663,Normal,0.9592393040657043
4664,Normal,0.9595732688903809
4665,Normal,0.9595692157745361
4666,Normal,0.9589836597442627
4667,Normal,0.9591234922409058
4668,Normal,0.9602696299552917
4669,Normal,0.9610732793807983
4670,Normal,0.960125207901001
4671,Normal,0.9603691101074219
4672,Normal,0.9614533185958862
4673,Normal,0.9610909223556519
4674,Normal,0.9610977172851562
4675,Normal,0.9614772200584412
4676,Normal,0.9613290429115295
4677,Normal,0.9599596261978149
4678,Normal,0.959990382194519
4679,Normal,0.9608364105224609
4680,Normal,0.9603333473205566
4681,Normal,0.9598785638809204
4682,Normal,0.9595998525619507
4683,Normal,0.9590196013450623
4684,Normal,0.9591120481491089
4685,Normal,0.9605540633201599
4686,Normal,0.9607455730438232
4687,Normal,0.9618508219718933
4688,Normal,0.9618767499923706
4689,Normal,0.9608286619186401
4690,Normal,0.9606654047966003
4691,Normal,0.9596724510192871
4692,Normal,0.9610621333122253
4693,Normal,0.9608402252197266
4694,Normal,0.960834264755249
4695,Normal,0.9602436423301697
4696,Normal,0.9613507390022278
4697,Normal,0.9607469439506531
4698,Normal,0.9600414633750916
4699,Normal,0.9591783285140991
4700,Normal,0.9590100049972534
4701,Normal,0.9590768814086914
4702,Normal,0.9603743553161621
4703,Normal,0.960519552230835
4704,Normal,0.9601606726646423
4705,Normal,0.9602179527282715
4706,Normal,0.9615204334259033
4707,Normal,0.9610145092010498
4708,Normal,0.9609482288360596
4709,Normal,0.9631155133247375
4710,Normal,0.9604218602180481
4711,Normal,0.9609577059745789
4712,Normal,0.9603964686393738
4713,Normal,0.9606766104698181
4714,Normal,0.9604783058166504
4715,Normal,0.9604967832565308
4716,Normal,0.9592393040657043
4717,Normal,0.9595732092857361
4718,Normal,0.9595692157745361
4719,Normal,0.9589836597442627
4720,Normal,0.9591233730316162
4721,Normal,0.9602695107460022
4722,Normal,0.9610731601715088
4723,Normal,0.960125207901001
4724,Normal,0.9603692293167114
4725,Normal,0.9614535570144653
4726,Normal,0.9610909223556519
4727,Normal,0.9610975980758667
4728,Normal,0.9614772200584412
4729,Normal,0.96132892370224
4730,Normal,0.9599597454071045
4731,Normal,0.959990382194519
4732,Normal,0.9608364105224609
4733,Normal,0.9603333473205566
4734,Normal,0.9598785638809204
4735,Normal,0.9595998525619507
4736,Normal,0.9590196013450623
4737,Normal,0.9591120481491089
4738,Normal,0.9605540633201599
4739,Normal,0.9607455730438232
4740,Normal,0.9618508219718933
4741,Normal,0.9618767499923706
4742,Normal,0.9608286619186401
4743,Normal,0.9606655240058899
4744,Normal,0.9596724510192871
4745,Normal,0.9610621333122253
4746,Normal,0.9608402252197266
4747,Normal,0.960834264755249
4748,Normal,0.9602436423301697
4749,Normal,0.9613508582115173
4750,Normal,0.9607470035552979
4751,Normal,0.9600414633750916
4752,Normal,0.9591783285140991
4753,Normal,0.9590100049972534
4754,Normal,0.9590767621994019
4755,Normal,0.9603743553161621
4756,Normal,0.960519552230835
4757,Normal,0.9601606726646423
4758,Normal,0.960218071937561
4759,Normal,0.9615204334259033
4760,Normal,0.9610145092010498
4761,Normal,0.9609483480453491
4762,Normal,0.9631155133247375
4763,Normal,0.9604218602180481
4764,Normal,0.9609577059745789
4765,Normal,0.9603963494300842
4766,Normal,0.9606767296791077
4767,Normal,0.9604783058166504
4768,Normal,0.9604967832565308
4769,Normal,0.9592393040657043
4770,Normal,0.9595732688903809
4771,Normal,0.9595692157745361
4772,Normal,0.9589836597442627
4773,Normal,0.9591233730316162
4774,Normal,0.9602695107460022
4775,Normal,0.9610733985900879
4776,Normal,0.960125207901001
4777,Normal,0.9603692293167114
4778,Normal,0.9614535570144653
4779,Normal,0.9610908031463623
4780,Normal,0.9610975980758667
4781,Normal,0.9614769816398621
4782,Normal,0.96132892370224
4783,Normal,0.9599597454071045
4784,Normal,0.959990382194519
4785,Normal,0.9608364105224609
4786,Normal,0.9603333473205566
4787,Normal,0.9598785638809204
4788,Normal,0.9595998525619507
4789,Normal,0.9590196013450623
4790,Normal,0.9591120481491089
4791,Normal,0.9605540633201599
4792,Normal,0.9607458114624023
4793,Normal,0.9618508219718933
4794,Normal,0.9618768692016602
4795,Normal,0.9608286619186401
4796,Normal,0.9606655240058899
4797,Normal,0.9596724510192871
4798,Normal,0.9610621333122253
4799,Normal,0.9608402252197266
4800,Normal,0.960834264755249
4801,Normal,0.9602436423301697
4802,Normal,0.9613508582115173
4803,Normal,0.9607470035552979
4804,Normal,0.9600414633750916
4805,Normal,0.9591783285140991
4806,Normal,0.9590100049972534
4807,Normal,0.9590768814086914
4808,Normal,0.9603743553161621
4809,Normal,0.960519552230835
4810,Normal,0.9601606726646423
4811,Normal,0.960218071937561
4812,Normal,0.9615205526351929
4813,Normal,0.9610145688056946
4814,Normal,0.9609482288360596
4815,Normal,0.9631155133247375
4816,Normal,0.9604218602180481
4817,Normal,0.9609577059745789
4818,Normal,0.9603963494300842
4819,Normal,0.9606767296791077
4820,Normal,0.9604783058166504
4821,Normal,0.9604967832565308
4822,Normal,0.9592393040657043
4823,Normal,0.9595732092857361
4824,Normal,0.9595692157745361
4825,Normal,0.9589836597442627
4826,Normal,0.9591233730316162
4827,Normal,0.9602695107460022
4828,Normal,0.9610735177993774
4829,Normal,0.960125207901001
4830,Normal,0.9603692293167114
4831,Normal,0.9614535570144653
4832,Normal,0.9610909223556519
4833,Normal,0.9610974788665771
4834,Normal,0.9614768624305725
4835,Normal,0.96132892370224
4836,Normal,0.9599597454071045
4837,Normal,0.9599902629852295
4838,Normal,0.9608364105224609
4839,Normal,0.9603333473205566
4840,Normal,0.9598785638809204
4841,Normal,0.9595998525619507
4842,Normal,0.9590196013450623
4843,Normal,0.9591120481491089
4844,Normal,0.9605540633201599
4845,Normal,0.9607458114624023
4846,Normal,0.9618508219718933
4847,Normal,0.9618768692016602
4848,Normal,0.9608286619186401
4849,Normal,0.9606655240058899
4850,Normal,0.9596724510192871
4851,Normal,0.9610621333122253
4852,Normal,0.9608402252197266
4853,Normal,0.960834264755249
4854,Normal,0.9602436423301697
4855,Normal,0.9613508582115173
4856,Normal,0.9607471227645874
4857,Normal,0.9600414633750916
4858,Normal,0.9591783285140991
4859,Normal,0.9590100049972534
4860,Normal,0.9590768814086914
4861,Normal,0.9603743553161621
4862,Normal,0.960519552230835
4863,Normal,0.9601606726646423
4864,Normal,0.960218071937561
4865,Normal,0.9615205526351929
4866,Normal,0.9610145688056946
4867,Normal,0.9609482288360596
4868,Normal,0.9631156325340271
4869,Normal,0.9604219794273376
4870,Normal,0.9609577059745789
4871,Normal,0.9603963494300842
4872,Normal,0.9606767296791077
4873,Normal,0.9604783058166504
4874,Normal,0.9604969024658203
4875,Normal,0.9592393040657043
4876,Normal,0.9595732092857361
4877,Normal,0.9595691561698914
4878,Normal,0.9589836597442627
4879,Normal,0.9591233730316162
4880,Normal,0.9602693915367126
4881,Normal,0.9610735177993774
4882,Normal,0.960125207901001
4883,Normal,0.9603692293167114
4884,Normal,0.9614535570144653
4885,Normal,0.9610909223556519
4886,Normal,0.9610974788665771
4887,Normal,0.9614768624305725
4888,Normal,0.96132892370224
4889,Normal,0.9599597454071045
4890,Normal,0.9599902629852295
4891,Normal,0.9608364701271057
4892,Normal,0.9603333473205566
4893,Normal,0.9598785638809204
4894,Normal,0.9595998525619507
4895,Normal,0.9590196013450623
4896,Normal,0.9591120481491089
4897,Normal,0.9605540633201599
4898,Normal,0.9607458114624023
4899,Normal,0.9618508219718933
4900,Normal,0.9618768692016602
4901,Normal,0.9608287811279297
4902,Normal,0.9606655240058899
4903,Normal,0.9596724510192871
4904,Normal,0.9610620737075806
4905,Normal,0.9608402252197266
4906,Normal,0.960834264755249
4907,Normal,0.9602436423301697
4908,Normal,0.9613508582115173
4909,Normal,0.960747241973877
4910,Normal,0.9600414633750916
4911,Normal,0.9591783285140991
4912,Normal,0.9590100049972534
4913,Normal,0.9590767621994019
4914,Normal,0.9603742957115173
4915,Normal,0.960519552230835
4916,Normal,0.9601606726646423
4917,Normal,0.960218071937561
4918,Normal,0.9615206718444824
4919,Normal,0.9610145688056946
4920,Normal,0.9609482288360596
4921,Normal,0.9631156325340271
4922,Normal,0.9604219794273376
4923,Normal,0.9609577059745789
4924,Normal,0.9603963494300842
4925,Normal,0.9606767296791077
4926,Normal,0.9604783058166504
4927,Normal,0.9604969024658203
4928,Normal,0.9592393040657043
4929,Normal,0.9595732092857361
4930,Normal,0.9595691561698914
4931,Normal,0.9589836597442627
4932,Normal,0.9591233730316162
4933,Normal,0.9602693915367126
4934,Normal,0.9610735177993774
4935,Normal,0.960125207901001
4936,Normal,0.960369348526001
4937,Normal,0.9614535570144653
4938,Normal,0.9610909223556519
4939,Normal,0.9610974788665771
4940,Normal,0.9614768624305725
4941,Normal,0.96132892370224
4942,Normal,0.9599597454071045
4943,Normal,0.9599902629852295
4944,Normal,0.9608364701271057
4945,Normal,0.9603333473205566
4946,Normal,0.9598785638809204
4947,Normal,0.9595997333526611
4948,Normal,0.9590196013450623
4949,Normal,0.9591120481491089
4950,Normal,0.9605539441108704
4951,Normal,0.9607458114624023
4952,Normal,0.9618508219718933
4953,Normal,0.9618771076202393
4954,Normal,0.9608287811279297
4955,Normal,0.9606655240058899
4956,Normal,0.9596724510192871
4957,Normal,0.9610620737075806
4958,Normal,0.9608402252197266
4959,Normal,0.960834264755249
4960,Normal,0.9602436423301697
4961,Normal,0.9613508582115173
4962,Normal,0.960747241973877
4963,Normal,0.9600414633750916
4964,Normal,0.9591783285140991
4965,Normal,0.9590100049972534
4966,Normal,0.9590767621994019
4967,Normal,0.9603742957115173
4968,Normal,0.960519552230835
4969,Normal,0.9601606726646423
4970,Normal,0.960218071937561
4971,Normal,0.9615206718444824
4972,Normal,0.9610145688056946
4973,Normal,0.9609482288360596
4974,Normal,0.9631156325340271
4975,Normal,0.9604219794273376
4976,Normal,0.9609577059745789
4977,Normal,0.9603963494300842
4978,Normal,0.9606768488883972
4979,Normal,0.9604783058166504
4980,Normal,0.9604969024658203
4981,Normal,0.9592393040657043
4982,Normal,0.9595732092857361
4983,Normal,0.9595691561698914
4984,Normal,0.9589836597442627
4985,Normal,0.9591233730316162
4986,Normal,0.9602693915367126
4987,Normal,0.9610735177993774
4988,Normal,0.960125207901001
4989,Normal,0.960369348526001
4990,Normal,0.9614535570144653
4991,Normal,0.9610909223556519
4992,Normal,0.9610974788665771
4993,Normal,0.9614768028259277
4994,Normal,0.96132892370224
4995,Normal,0.9599597454071045
4996,Normal,0.9599902629852295
4997,Normal,0.9608364701271057
4998,Normal,0.9603333473205566
4999,Normal,0.9598785638809204
5000,Normal,0.9595996141433716
5001,Normal,0.9590196013450623
5002,Normal,0.9591120481491089
5003,Normal,0.9605538249015808
5004,Normal,0.9607458114624023
5005,Normal,0.9618508219718933
5006,Normal,0.9618771076202393
5007,Normal,0.9608287811279297
5008,Normal,0.9606655240058899
5009,Normal,0.9596725106239319
5010,Normal,0.9610620737075806
5011,Normal,0.9608402252197266
5012,Normal,0.960834264755249
5013,Normal,0.9602436423301697
5014,Normal,0.9613508582115173
5015,Normal,0.960747241973877
5016,Normal,0.9600414633750916
5017,Normal,0.9591783285140991
5018,Normal,0.9590100049972534
5019,Normal,0.9590767621994019
5020,Normal,0.9603742957115173
5021,Normal,0.960519552230835
5022,Normal,0.9601606726646423
5023,Normal,0.9602181911468506
5024,Normal,0.9615206718444824
5025,Normal,0.9610145688056946
5026,Normal,0.9609483480453491
5027,Normal,0.9631158709526062
5028,Normal,0.9604220986366272
5029,Normal,0.9609577059745789
5030,Normal,0.9603961706161499
5031,Normal,0.9606768488883972
5032,Normal,0.9604783058166504
5033,Normal,0.9604969024658203
5034,Normal,0.9592393040657043
5035,Normal,0.9595732092857361
5036,Normal,0.9595691561698914
5037,Normal,0.9589836597442627
5038,Normal,0.9591233730316162
5039,Normal,0.9602691531181335
5040,Normal,0.9610735177993774
5041,Normal,0.960125207901001
5042,Normal,0.9603694081306458
5043,Normal,0.9614535570144653
5044,Normal,0.9610909223556519
5045,Normal,0.9610974788665771
5046,Normal,0.9614768028259277
5047,Normal,0.96132892370224
5048,Normal,0.9599598050117493
5049,Normal,0.9599902629852295
5050,Normal,0.9608365893363953
5051,Normal,0.9603333473205566
5052,Normal,0.9598785638809204
5053,Normal,0.9595996141433716
5054,Normal,0.9590196013450623
5055,Normal,0.9591120481491089
5056,Normal,0.9605538249015808
5057,Normal,0.9607459306716919
5058,Normal,0.9618508219718933
5059,Normal,0.9618771076202393
5060,Normal,0.9608287811279297
5061,Normal,0.9606655240058899
5062,Normal,0.9596725106239319
5063,Normal,0.961061954498291
5064,Normal,0.9608402252197266
5065,Normal,0.960834264755249
5066,Normal,0.9602436423301697
5067,Normal,0.9613508582115173
5068,Normal,0.960747241973877
5069,Normal,0.9600414633750916
5070,Normal,0.9591783285140991
5071,Normal,0.9590100049972534
5072,Normal,0.9590767621994019
5073,Normal,0.9603742957115173
5074,Normal,0.9605196118354797
5075,Normal,0.9601606726646423
5076,Normal,0.9602182507514954
5077,Normal,0.9615206718444824
5078,Normal,0.9610145688056946
5079,Normal,0.9609482288360596
5080,Normal,0.9631158709526062
5081,Normal,0.9604220986366272
5082,Normal,0.9609577059745789
5083,Normal,0.9603961706161499
5084,Normal,0.9606768488883972
5085,Normal,0.9604783058166504
5086,Normal,0.9604969024658203
5087,Normal,0.9592393040657043
5088,Normal,0.9595732092857361
5089,Normal,0.9595691561698914
5090,Normal,0.9589836597442627
5091,Normal,0.9591232538223267
5092,Normal,0.9602691531181335
5093,Normal,0.9610735177993774
5094,Normal,0.960125207901001
5095,Normal,0.9603694081306458
5096,Normal,0.9614535570144653
5097,Normal,0.9610909223556519
5098,Normal,0.9610974788665771
5099,Normal,0.9614766836166382
5100,Normal,0.96132892370224
5101,Normal,0.9599597454071045
5102,Normal,0.9599902629852295
5103,Normal,0.9608365893363953
5104,Normal,0.9603333473205566
5105,Normal,0.9598785638809204
5106,Normal,0.9595996141433716
5107,Normal,0.9590196013450623
5108,Normal,0.9591120481491089
5109,Normal,0.9605538249015808
5110,Normal,0.9607459306716919
5111,Normal,0.9618508219718933
5112,Normal,0.9618771076202393
5113,Normal,0.9608287811279297
5114,Normal,0.9606655240058899
5115,Normal,0.9596725106239319
5116,Normal,0.961061954498291
5117,Normal,0.9608402252197266
5118,Normal,0.960834264755249
5119,Normal,0.9602436423301697
5120,Normal,0.9613508582115173
5121,Normal,0.960747241973877
5122,Normal,0.9600414633750916
5123,Normal,0.9591783285140991
5124,Normal,0.9590100049972534
5125,Normal,0.9590767621994019
5126,Normal,0.9603742957115173
5127,Normal,0.9605197310447693
5128,Normal,0.9601606726646423
5129,Normal,0.9602182507514954
5130,Normal,0.9615207314491272
5131,Normal,0.9610145688056946
5132,Normal,0.9609484076499939
5133,Normal,0.963115930557251
5134,Normal,0.9604220986366272
5135,Normal,0.9609574675559998
5136,Normal,0.9603961706161499
5137,Normal,0.9606768488883972
5138,Normal,0.9604783058166504
5139,Normal,0.9604969024658203
5140,Normal,0.9592393040657043
5141,Normal,0.9595732092857361
5142,Normal,0.9595691561698914
5143,Normal,0.9589836597442627
5144,Normal,0.9591232538223267
5145,Normal,0.9602691531181335
5146,Normal,0.961073637008667
5147,Normal,0.960125207901001
5148,Normal,0.9603694081306458
5149,Normal,0.9614535570144653
5150,Normal,0.9610909223556519
5151,Normal,0.9610974788665771
5152,Normal,0.9614766836166382
5153,Normal,0.96132892370224
5154,Normal,0.9599597454071045
5155,Normal,0.9599902629852295
5156,Normal,0.9608365893363953
5157,Normal,0.9603333473205566
5158,Normal,0.9598785638809204
5159,Normal,0.9595996141433716
5160,Normal,0.9590195417404175
5161,Normal,0.9591120481491089
5162,Normal,0.9605538249015808
5163,Normal,0.9607459306716919
5164,Normal,0.9618508219718933
5165,Normal,0.9618771076202393
5166,Normal,0.9608287811279297
5167,Normal,0.9606655240058899
5168,Normal,0.9596725106239319
5169,Normal,0.961061954498291
5170,Normal,0.9608402252197266
5171,Normal,0.960834264755249
5172,Normal,0.9602436423301697
5173,Normal,0.9613508582115173
5174,Normal,0.960747241973877
5175,Normal,0.9600414633750916
5176,Normal,0.9591783285140991
5177,Normal,0.9590098857879639
5178,Normal,0.9590767621994019
5179,Normal,0.9603742957115173
5180,Normal,0.9605197310447693
5181,Normal,0.9601606726646423
5182,Normal,0.9602182507514954
5183,Normal,0.9615207314491272
5184,Normal,0.9610145688056946
5185,Normal,0.9609484076499939
5186,Normal,0.963115930557251
5187,Normal,0.9604220986366272
5188,Normal,0.9609574675559998
5189,Normal,0.9603961706161499
5190,Normal,0.9606768488883972
5191,Normal,0.9604783058166504
5192,Normal,0.9604969024658203
5193,Normal,0.9592393040657043
5194,Normal,0.9595732092857361
5195,Normal,0.9595691561698914
5196,Normal,0.9589836597442627
5197,Normal,0.9591232538223267
5198,Normal,0.9602691531181335
5199,Normal,0.961073637008667
5200,Normal,0.960125207901001
5201,Normal,0.9603694081306458
5202,Normal,0.9614537358283997
5203,Normal,0.9610909223556519
5204,Normal,0.9610974788665771
5205,Normal,0.9614766836166382
5206,Normal,0.96132892370224
5207,Normal,0.9599597454071045
5208,Normal,0.9599900245666504
5209,Normal,0.9608367085456848
5210,Normal,0.9603333473205566
5211,Normal,0.9598785638809204
5212,Normal,0.9595996141433716
5213,Normal,0.9590195417404175
5214,Normal,0.9591119289398193
5215,Normal,0.9605538249015808
5216,Normal,0.9607459306716919
5217,Normal,0.9618508219718933
5218,Normal,0.9618772268295288
5219,Normal,0.9608287811279297
5220,Normal,0.9606655240058899
5221,Normal,0.9596724510192871
5222,Normal,0.9610617160797119
5223,Normal,0.9608403444290161
5224,Normal,0.960834264755249
5225,Normal,0.9602436423301697
5226,Normal,0.9613508582115173
5227,Normal,0.960747480392456
5228,Normal,0.9600414633750916
5229,Normal,0.9591783285140991
5230,Normal,0.9590098857879639
5231,Normal,0.9590767621994019
5232,Normal,0.9603742957115173
5233,Normal,0.9605197310447693
5234,Normal,0.9601606726646423
5235,Normal,0.9602182507514954
5236,Normal,0.9615207314491272
5237,Normal,0.9610145688056946
5238,Normal,0.9609484076499939
5239,Normal,0.963115930557251
5240,Normal,0.9604220986366272
5241,Normal,0.9609574675559998
5242,Normal,0.9603961706161499
5243,Normal,0.9606769680976868
5244,Normal,0.9604783058166504
5245,Normal,0.9604969024658203
5246,Normal,0.9592391848564148
5247,Normal,0.9595732092857361
5248,Normal,0.9595691561698914
5249,Normal,0.9589835405349731
5250,Normal,0.9591231346130371
5251,Normal,0.9602691531181335
5252,Normal,0.961073637008667
5253,Normal,0.960125207901001
5254,Normal,0.9603694081306458
5255,Normal,0.9614537358283997
5256,Normal,0.9610909223556519
5257,Normal,0.9610974788665771
5258,Normal,0.9614766836166382
5259,Normal,0.9613288044929504
5260,Normal,0.9599597454071045
5261,Normal,0.9599900245666504
5262,Normal,0.9608367085456848
5263,Normal,0.9603333473205566
5264,Normal,0.9598785638809204
5265,Normal,0.9595996141433716
5266,Normal,0.9590195417404175
5267,Normal,0.9591119289398193
5268,Normal,0.9605538249015808
5269,Normal,0.9607459306716919
5270,Normal,0.9618508219718933
5271,Normal,0.9618774056434631
5272,Normal,0.9608287811279297
5273,Normal,0.9606655836105347
5274,Normal,0.9596724510192871
5275,Normal,0.9610617160797119
5276,Normal,0.9608403444290161
5277,Normal,0.960834264755249
5278,Normal,0.9602437615394592
5279,Normal,0.9613508582115173
5280,Normal,0.960747480392456
5281,Normal,0.9600414633750916
5282,Normal,0.9591783285140991
5283,Normal,0.9590098857879639
5284,Normal,0.9590767621994019
5285,Normal,0.9603741765022278
5286,Normal,0.9605197310447693
5287,Normal,0.9601606726646423
5288,Normal,0.9602182507514954
5289,Normal,0.9615207314491272
5290,Normal,0.9610145688056946
5291,Normal,0.9609484076499939
5292,Normal,0.963115930557251
5293,Normal,0.9604220986366272
5294,Normal,0.9609574675559998
5295,Normal,0.9603961706161499
5296,Normal,0.9606769680976868
5297,Normal,0.9604783058166504
5298,Normal,0.9604969024658203
5299,Normal,0.9592391848564148
5300,Normal,0.9595732092857361
5301,Normal,0.9595691561698914
5302,Normal,0.9589835405349731
5303,Normal,0.9591232538223267
5304,Normal,0.9602691531181335
5305,Normal,0.961073637008667
5306,Normal,0.960125207901001
5307,Normal,0.9603694081306458
5308,Normal,0.9614537358283997
5309,Normal,0.9610909223556519
5310,Normal,0.9610974192619324
5311,Normal,0.9614765644073486
5312,Normal,0.9613288044929504
5313,Normal,0.9599597454071045
5314,Normal,0.9599900245666504
5315,Normal,0.9608367085456848
5316,Normal,0.9603333473205566
5317,Normal,0.9598785638809204
5318,Normal,0.9595996141433716
5319,Normal,0.9590195417404175
5320,Normal,0.9591119289398193
5321,Normal,0.9605538249015808
5322,Normal,0.9607459306716919
5323,Normal,0.9618508219718933
5324,Normal,0.9618774056434631
5325,Normal,0.9608287811279297
5326,Normal,0.9606655836105347
5327,Normal,0.9596724510192871
5328,Normal,0.9610617160797119
5329,Normal,0.9608403444290161
5330,Normal,0.960834264755249
5331,Normal,0.9602437615394592
5332,Normal,0.9613508582115173
5333,Normal,0.960747480392456
5334,Normal,0.9600414633750916
5335,Normal,0.9591782093048096
5336,Normal,0.9590098857879639
5337,Normal,0.9590767621994019
5338,Normal,0.9603741765022278
5339,Normal,0.9605197310447693
5340,Normal,0.9601606726646423
5341,Normal,0.9602183699607849
5342,Normal,0.9615207314491272
5343,Normal,0.9610145688056946
5344,Normal,0.9609484076499939
5345,Normal,0.963115930557251
5346,Normal,0.9604220986366272
5347,Normal,0.9609574675559998
5348,Normal,0.9603960514068604
5349,Normal,0.9606769680976868
5350,Normal,0.9604783058166504
5351,Normal,0.9604969024658203
5352,Normal,0.9592391848564148
5353,Normal,0.9595732092857361
5354,Normal,0.9595691561698914
5355,Normal,0.9589836597442627
5356,Normal,0.9591232538223267
5357,Normal,0.9602691531181335
5358,Normal,0.9610736966133118
5359,Normal,0.960125207901001
5360,Normal,0.9603695273399353
5361,Normal,0.9614537358283997
5362,Normal,0.9610909223556519
5363,Normal,0.9610974192619324
5364,Normal,0.9614764451980591
5365,Normal,0.9613288044929504
5366,Normal,0.9599597454071045
5367,Normal,0.9599900245666504
5368,Normal,0.9608367085456848
5369,Normal,0.9603333473205566
5370,Normal,0.9598785638809204
5371,Normal,0.9595995545387268
5372,Normal,0.9590195417404175
5373,Normal,0.9591119289398193
5374,Normal,0.960553765296936
5375,Normal,0.9607459306716919
5376,Normal,0.9618508219718933
5377,Normal,0.9618774056434631
5378,Normal,0.9608287811279297
5379,Normal,0.9606655836105347
5380,Normal,0.9596724510192871
5381,Normal,0.9610617160797119
5382,Normal,0.9608403444290161
5383,Normal,0.9608343839645386
5384,Normal,0.9602437615394592
5385,Normal,0.9613509178161621
5386,Normal,0.960747480392456
5387,Normal,0.9600414633750916
5388,Normal,0.9591782093048096
5389,Normal,0.9590096473693848
5390,Normal,0.9590767621994019
5391,Normal,0.9603741765022278
5392,Normal,0.9605198502540588
5393,Normal,0.9601606726646423
5394,Normal,0.9602183699607849
5395,Normal,0.9615207314491272
5396,Normal,0.9610145688056946
5397,Normal,0.9609484076499939
5398,Normal,0.9631160497665405
5399,Normal,0.9604220986366272
5400,Normal,0.9609574675559998
5401,Normal,0.9603960514068604
5402,Normal,0.9606770277023315
5403,Normal,0.9604783058166504
5404,Normal,0.9604969024658203
5405,Normal,0.9592390656471252
5406,Normal,0.9595732092857361
5407,Normal,0.9595691561698914
5408,Normal,0.9589835405349731
5409,Normal,0.9591231346130371
5410,Normal,0.9602691531181335
5411,Normal,0.9610736966133118
5412,Normal,0.960125207901001
5413,Normal,0.9603695273399353
5414,Normal,0.9614537358283997
5415,Normal,0.9610909223556519
5416,Normal,0.9610973000526428
5417,Normal,0.9614764451980591
5418,Normal,0.9613288044929504
5419,Normal,0.9599597454071045
5420,Normal,0.9599900245666504
5421,Normal,0.9608367085456848
5422,Normal,0.9603333473205566
5423,Normal,0.9598785638809204
5424,Normal,0.9595995545387268
5425,Normal,0.9590195417404175
5426,Normal,0.9591118693351746
5427,Normal,0.9605536460876465
5428,Normal,0.9607459306716919
5429,Normal,0.9618508219718933
5430,Normal,0.9618774056434631
5431,Normal,0.9608287811279297
5432,Normal,0.9606655836105347
5433,Normal,0.9596725106239319
5434,Normal,0.9610615968704224
5435,Normal,0.9608403444290161
5436,Normal,0.9608343839645386
5437,Normal,0.9602437615394592
5438,Normal,0.9613509178161621
5439,Normal,0.960747480392456
5440,Normal,0.9600414633750916
5441,Normal,0.9591782093048096
5442,Normal,0.9590096473693848
5443,Normal,0.9590767621994019
5444,Normal,0.9603740572929382
5445,Normal,0.9605198502540588
5446,Normal,0.9601606726646423
5447,Normal,0.9602183699607849
5448,Normal,0.9615207314491272
5449,Normal,0.9610145688056946
5450,Normal,0.9609484076499939
5451,Normal,0.9631160497665405
5452,Normal,0.9604220986366272
5453,Normal,0.9609574675559998
5454,Normal,0.9603960514068604
5455,Normal,0.9606770277023315
5456,Normal,0.9604783058166504
5457,Normal,0.9604969024658203
5458,Normal,0.9592390656471252
5459,Normal,0.9595732092857361
5460,Normal,0.9595691561698914
5461,Normal,0.9589835405349731
5462,Normal,0.9591231346130371
5463,Normal,0.960269033908844
5464,Normal,0.9610736966133118
5465,Normal,0.960125207901001
5466,Normal,0.9603695273399353
5467,Normal,0.9614537358283997
5468,Normal,0.9610909819602966
5469,Normal,0.9610973000526428
5470,Normal,0.9614764451980591
5471,Normal,0.9613288044929504
5472,Normal,0.9599597454071045
5473,Normal,0.9599900245666504
5474,Normal,0.9608367085456848
5475,Normal,0.9603333473205566
5476,Normal,0.9598786234855652
5477,Normal,0.9595995545387268
5478,Normal,0.9590195417404175
5479,Normal,0.9591118693351746
5480,Normal,0.9605536460876465
5481,Normal,0.9607460498809814
5482,Normal,0.9618508219718933
5483,Normal,0.9618774056434631
5484,Normal,0.9608287811279297
5485,Normal,0.9606655836105347
5486,Normal,0.9596725106239319
5487,Normal,0.9610615968704224
5488,Normal,0.9608403444290161
5489,Normal,0.9608343839645386
5490,Normal,0.9602437615394592
5491,Normal,0.9613509178161621
5492,Normal,0.960747480392456
5493,Normal,0.9600414633750916
5494,Normal,0.9591782093048096
5495,Normal,0.9590096473693848
5496,Normal,0.9590767621994019
5497,Normal,0.9603740572929382
5498,Normal,0.9605198502540588
5499,Normal,0.9601606726646423
5500,Normal,0.9602183699607849
5501,Normal,0.9615207314491272
5502,Normal,0.9610145688056946
5503,Normal,0.9609484076499939
5504,Normal,0.9631161689758301
5505,Normal,0.9604220986366272
5506,Normal,0.9609573483467102
5507,Normal,0.9603960514068604
5508,Normal,0.9606770277023315
5509,Normal,0.9604781866073608
5510,Normal,0.9604969024658203
5511,Normal,0.9592390656471252
5512,Normal,0.9595732092857361
5513,Normal,0.9595691561698914
5514,Normal,0.9589835405349731
5515,Normal,0.9591231346130371
5516,Normal,0.9602689743041992
5517,Normal,0.9610736966133118
5518,Normal,0.9601252675056458
5519,Normal,0.9603695273399353
5520,Normal,0.9614537358283997
5521,Normal,0.9610909223556519
5522,Normal,0.9610973000526428
5523,Normal,0.9614764451980591
5524,Normal,0.9613288044929504
5525,Normal,0.9599597454071045
5526,Normal,0.9599900245666504
5527,Normal,0.9608367085456848
5528,Normal,0.9603333473205566
5529,Normal,0.9598784446716309
5530,Normal,0.9595995545387268
5531,Normal,0.9590195417404175
5532,Normal,0.959111750125885
5533,Normal,0.9605535268783569
5534,Normal,0.9607460498809814
5535,Normal,0.9618508219718933
5536,Normal,0.9618774056434631
5537,Normal,0.9608287811279297
5538,Normal,0.9606655836105347
5539,Normal,0.9596725106239319
5540,Normal,0.9610615968704224
5541,Normal,0.9608403444290161
5542,Normal,0.9608343839645386
5543,Normal,0.9602437615394592
5544,Normal,0.9613509178161621
5545,Normal,0.960747480392456
5546,Normal,0.9600414633750916
5547,Normal,0.9591782093048096
5548,Normal,0.9590096473693848
5549,Normal,0.9590767621994019
5550,Normal,0.9603739380836487
5551,Normal,0.9605199694633484
5552,Normal,0.9601606726646423
5553,Normal,0.9602183699607849
5554,Normal,0.9615207314491272
5555,Normal,0.9610145688056946
5556,Normal,0.9609484076499939
5557,Normal,0.9631161689758301
5558,Normal,0.9604222178459167
5559,Normal,0.9609573483467102
5560,Normal,0.9603960514068604
5561,Normal,0.9606770277023315
5562,Normal,0.9604781866073608
5563,Normal,0.9604969024658203
5564,Normal,0.9592390656471252
5565,Normal,0.9595730900764465
5566,Normal,0.9595691561698914
5567,Normal,0.9589835405349731
5568,Normal,0.9591231346130371
5569,Normal,0.9602689743041992
5570,Normal,0.9610738158226013
5571,Normal,0.9601252675056458
5572,Normal,0.9603695273399353
5573,Normal,0.9614537358283997
5574,Normal,0.9610909223556519
5575,Normal,0.9610973000526428
5576,Normal,0.9614764451980591
5577,Normal,0.9613288044929504
5578,Normal,0.9599597454071045
5579,Normal,0.9599900245666504
5580,Normal,0.9608367085456848
5581,Normal,0.9603334665298462
5582,Normal,0.9598784446716309
5583,Normal,0.9595995545387268
5584,Normal,0.9590195417404175
5585,Normal,0.959111750125885
5586,Normal,0.9605535268783569
5587,Normal,0.9607460498809814
5588,Normal,0.9618508219718933
5589,Normal,0.9618774056434631
5590,Normal,0.9608287811279297
5591,Normal,0.9606655836105347
5592,Normal,0.9596725106239319
5593,Normal,0.9610614776611328
5594,Normal,0.9608403444290161
5595,Normal,0.9608343839645386
5596,Normal,0.9602437615394592
5597,Normal,0.9613509178161621
5598,Normal,0.9607475996017456
5599,Normal,0.9600414633750916
5600,Normal,0.9591782093048096
5601,Normal,0.9590096473693848
5602,Normal,0.9590767621994019
5603,Normal,0.9603739380836487
5604,Normal,0.9605199694633484
5605,Normal,0.9601606726646423
5606,Normal,0.9602183699607849
5607,Normal,0.9615207314491272
5608,Normal,0.9610145688056946
5609,Normal,0.9609484076499939
5610,Normal,0.9631162881851196
5611,Normal,0.9604222178459167
5612,Normal,0.9609572291374207
5613,Normal,0.9603960514068604
5614,Normal,0.9606770277023315
5615,Normal,0.9604781866073608
5616,Normal,0.9604969024658203
5617,Normal,0.9592390656471252
5618,Normal,0.9595730900764465
5619,Normal,0.9595691561698914
5620,Normal,0.9589835405349731
5621,Normal,0.9591231346130371
5622,Normal,0.9602688550949097
5623,Normal,0.9610738158226013
5624,Normal,0.9601252675056458
5625,Normal,0.9603695273399353
5626,Normal,0.9614537358283997
5627,Normal,0.9610909223556519
5628,Normal,0.9610973000526428
5629,Normal,0.9614764451980591
5630,Normal,0.9613288044929504
5631,Normal,0.9599597454071045
5632,Normal,0.9599900245666504
5633,Normal,0.9608368277549744
5634,Normal,0.9603334665298462
5635,Normal,0.9598783254623413
5636,Normal,0.9595995545387268
5637,Normal,0.9590195417404175
5638,Normal,0.959111750125885
5639,Normal,0.9605535268783569
5640,Normal,0.960746169090271
5641,Normal,0.9618508219718933
5642,Normal,0.9618774056434631
5643,Normal,0.9608287811279297
5644,Normal,0.9606655836105347
5645,Normal,0.9596725106239319
5646,Normal,0.9610614776611328
5647,Normal,0.9608403444290161
5648,Normal,0.9608343839645386
5649,Normal,0.9602437615394592
5650,Normal,0.9613509178161621
5651,Normal,0.9607475996017456
5652,Normal,0.9600414633750916
5653,Normal,0.9591782093048096
5654,Normal,0.9590096473693848
5655,Normal,0.9590767621994019
5656,Normal,0.9603739380836487
5657,Normal,0.9605199694633484
5658,Normal,0.9601606726646423
5659,Normal,0.9602184891700745
5660,Normal,0.9615207314491272
5661,Normal,0.9610145688056946
5662,Normal,0.9609485268592834
5663,Normal,0.9631162881851196
5664,Normal,0.9604222178459167
5665,Normal,0.9609571099281311
5666,Normal,0.9603960514068604
5667,Normal,0.9606770277023315
5668,Normal,0.9604781866073608
5669,Normal,0.9604969024658203
5670,Normal,0.9592390656471252
5671,Normal,0.9595730900764465
5672,Normal,0.9595690369606018
5673,Normal,0.9589833617210388
5674,Normal,0.9591231346130371
5675,Normal,0.9602688550949097
5676,Normal,0.9610738158226013
5677,Normal,0.9601252675056458
5678,Normal,0.9603695273399353
5679,Normal,0.9614537358283997
5680,Normal,0.9610909223556519
5681,Normal,0.9610973000526428
5682,Normal,0.96147620677948
5683,Normal,0.9613288044929504
5684,Normal,0.9599597454071045
5685,Normal,0.9599899053573608
5686,Normal,0.9608367085456848
5687,Normal,0.9603334665298462
5688,Normal,0.9598783254623413
5689,Normal,0.9595995545387268
5690,Normal,0.9590195417404175
5691,Normal,0.959111750125885
5692,Normal,0.9605535268783569
5693,Normal,0.960746169090271
5694,Normal,0.9618507027626038
5695,Normal,0.9618774056434631
5696,Normal,0.9608289003372192
5697,Normal,0.9606655836105347
5698,Normal,0.9596725106239319
5699,Normal,0.9610614776611328
5700,Normal,0.9608403444290161
5701,Normal,0.9608343839645386
5702,Normal,0.9602437615394592
5703,Normal,0.9613509178161621
5704,Normal,0.9607475996017456
5705,Normal,0.9600414633750916
5706,Normal,0.95917809009552
5707,Normal,0.9590096473693848
5708,Normal,0.9590767621994019
5709,Normal,0.9603739380836487
5710,Normal,0.9605200886726379
5711,Normal,0.9601606726646423
5712,Normal,0.960218608379364
5713,Normal,0.9615208506584167
5714,Normal,0.9610145688056946
5715,Normal,0.9609485268592834
5716,Normal,0.9631162881851196
5717,Normal,0.9604222178459167
5718,Normal,0.9609571099281311
5719,Normal,0.9603958129882812
5720,Normal,0.9606770277023315
5721,Normal,0.9604781866073608
5722,Normal,0.9604969024658203
5723,Normal,0.9592390656471252
5724,Normal,0.959572970867157
5725,Normal,0.9595690369606018
5726,Normal,0.9589833617210388
5727,Normal,0.9591231346130371
5728,Normal,0.9602688550949097
5729,Normal,0.9610738158226013
5730,Normal,0.9601252675056458
5731,Normal,0.9603696465492249
5732,Normal,0.9614537358283997
5733,Normal,0.9610909223556519
5734,Normal,0.9610973000526428
5735,Normal,0.9614763259887695
5736,Normal,0.9613288044929504
5737,Normal,0.9599597454071045
5738,Normal,0.9599899053573608
5739,Normal,0.9608367085456848
5740,Normal,0.9603334665298462
5741,Normal,0.9598783254623413
5742,Normal,0.9595995545387268
5743,Normal,0.9590195417404175
5744,Normal,0.959111750125885
5745,Normal,0.9605534076690674
5746,Normal,0.960746169090271
5747,Normal,0.9618507027626038
5748,Normal,0.9618775248527527
5749,Normal,0.9608289003372192
5750,Normal,0.9606655836105347
5751,Normal,0.9596725106239319
5752,Normal,0.9610614776611328
5753,Normal,0.9608403444290161
5754,Normal,0.9608343839645386
5755,Normal,0.9602437615394592
5756,Normal,0.9613509178161621
5757,Normal,0.9607475996017456
5758,Normal,0.9600414633750916
5759,Normal,0.95917809009552
5760,Normal,0.9590096473693848
5761,Normal,0.9590767621994019
5762,Normal,0.9603739380836487
5763,Normal,0.9605200886726379
5764,Normal,0.9601606726646423
5765,Normal,0.960218608379364
5766,Normal,0.9615208506584167
5767,Normal,0.9610145688056946
5768,Normal,0.9609485268592834
5769,Normal,0.9631162881851196
5770,Normal,0.9604222178459167
5771,Normal,0.9609571099281311
5772,Normal,0.9603958129882812
5773,Normal,0.9606770277023315
5774,Normal,0.9604781866073608
5775,Normal,0.9604969024658203
5776,Normal,0.9592390656471252
5777,Normal,0.959572970867157
5778,Normal,0.9595690369606018
5779,Normal,0.9589833617210388
5780,Normal,0.9591231346130371
5781,Normal,0.9602688550949097
5782,Normal,0.9610738158226013
5783,Normal,0.9601252675056458
5784,Normal,0.9603696465492249
5785,Normal,0.9614537358283997
5786,Normal,0.9610909223556519
5787,Normal,0.9610973000526428
5788,Normal,0.9614761471748352
5789,Normal,0.9613288044929504
5790,Normal,0.9599597454071045
5791,Normal,0.9599899053573608
5792,Normal,0.9608367085456848
5793,Normal,0.9603334665298462
5794,Normal,0.9598783254623413
5795,Normal,0.9595994353294373
5796,Normal,0.9590195417404175
5797,Normal,0.959111750125885
5798,Normal,0.9605534076690674
5799,Normal,0.9607462286949158
5800,Normal,0.9618507027626038
5801,Normal,0.9618776440620422
5802,Normal,0.9608289003372192
5803,Normal,0.9606655836105347
5804,Normal,0.9596725106239319
5805,Normal,0.9610614776611328
5806,Normal,0.9608403444290161
5807,Normal,0.9608343839645386
5808,Normal,0.9602437615394592
5809,Normal,0.9613509178161621
5810,Normal,0.9607476592063904
5811,Normal,0.9600414633750916
5812,Normal,0.95917809009552
5813,Normal,0.9590096473693848
5814,Normal,0.9590767621994019
5815,Normal,0.9603738188743591
5816,Normal,0.9605200886726379
5817,Normal,0.9601606726646423
5818,Normal,0.960218608379364
5819,Normal,0.9615208506584167
5820,Normal,0.9610145688056946
5821,Normal,0.9609485268592834
5822,Normal,0.9631162881851196
5823,Normal,0.9604222178459167
5824,Normal,0.9609571099281311
5825,Normal,0.9603958129882812
5826,Normal,0.9606771469116211
5827,Normal,0.9604783058166504
5828,Normal,0.9604969024658203
5829,Normal,0.9592390656471252
5830,Normal,0.959572970867157
5831,Normal,0.9595690369606018
5832,Normal,0.9589833617210388
5833,Normal,0.9591231346130371
5834,Normal,0.9602687358856201
5835,Normal,0.9610738158226013
5836,Normal,0.9601252675056458
5837,Normal,0.9603696465492249
5838,Normal,0.9614539742469788
5839,Normal,0.9610909819602966
5840,Normal,0.9610973000526428
5841,Normal,0.9614761471748352
5842,Normal,0.9613288044929504
5843,Normal,0.9599597454071045
5844,Normal,0.9599899053573608
5845,Normal,0.9608367085456848
5846,Normal,0.9603334665298462
5847,Normal,0.9598783254623413
5848,Normal,0.9595994353294373
5849,Normal,0.9590195417404175
5850,Normal,0.959111750125885
5851,Normal,0.9605534076690674
5852,Normal,0.9607462286949158
5853,Normal,0.9618507027626038
5854,Normal,0.9618776440620422
5855,Normal,0.9608290195465088
5856,Normal,0.9606657028198242
5857,Normal,0.9596725106239319
5858,Normal,0.9610614776611328
5859,Normal,0.9608403444290161
5860,Normal,0.9608343839645386
5861,Normal,0.9602437615394592
5862,Normal,0.9613509178161621
5863,Normal,0.9607477784156799
5864,Normal,0.9600414633750916
5865,Normal,0.95917809009552
5866,Normal,0.9590096473693848
5867,Normal,0.9590767621994019
5868,Normal,0.9603738188743591
5869,Normal,0.9605200886726379
5870,Normal,0.9601606726646423
5871,Normal,0.960218608379364
5872,Normal,0.9615208506584167
5873,Normal,0.9610145688056946
5874,Normal,0.9609485268592834
5875,Normal,0.9631162881851196
5876,Normal,0.9604222178459167
5877,Normal,0.9609571099281311
5878,Normal,0.9603958129882812
5879,Normal,0.9606771469116211
5880,Normal,0.9604781866073608
5881,Normal,0.9604969024658203
5882,Normal,0.9592390656471252
5883,Normal,0.959572970867157
5884,Normal,0.9595689177513123
5885,Normal,0.9589833617210388
5886,Normal,0.9591230154037476
5887,Normal,0.9602687358856201
5888,Normal,0.9610738158226013
5889,Normal,0.9601252675056458
5890,Normal,0.9603697657585144
5891,Normal,0.9614539742469788
5892,Normal,0.9610909819602966
5893,Normal,0.9610973000526428
5894,Normal,0.9614761471748352
5895,Normal,0.9613288044929504
5896,Normal,0.9599597454071045
5897,Normal,0.9599899053573608
5898,Normal,0.9608368277549744
5899,Normal,0.9603334665298462
5900,Normal,0.9598783254623413
5901,Normal,0.9595995545387268
5902,Normal,0.9590195417404175
5903,Normal,0.959111750125885
5904,Normal,0.9605534076690674
5905,Normal,0.9607462286949158
5906,Normal,0.9618507027626038
5907,Normal,0.9618776440620422
5908,Normal,0.9608290195465088
5909,Normal,0.9606655836105347
5910,Normal,0.9596726298332214
5911,Normal,0.961061418056488
5912,Normal,0.9608403444290161
5913,Normal,0.9608343839645386
5914,Normal,0.9602437615394592
5915,Normal,0.9613509178161621
5916,Normal,0.9607477784156799
5917,Normal,0.9600414633750916
5918,Normal,0.95917809009552
5919,Normal,0.9590096473693848
5920,Normal,0.9590766429901123
5921,Normal,0.9603738188743591
5922,Normal,0.9605200886726379
5923,Normal,0.9601606726646423
5924,Normal,0.960218608379364
5925,Normal,0.9615210890769958
5926,Normal,0.9610146880149841
5927,Normal,0.9609485268592834
5928,Normal,0.9631164073944092
5929,Normal,0.9604222178459167
5930,Normal,0.9609571099281311
5931,Normal,0.9603958129882812
5932,Normal,0.9606771469116211
5933,Normal,0.9604781866073608
5934,Normal,0.9604969024658203
5935,Normal,0.9592390656471252
5936,Normal,0.9595728516578674
5937,Normal,0.9595689177513123
5938,Normal,0.9589833617210388
5939,Normal,0.9591230154037476
5940,Normal,0.9602687358856201
5941,Normal,0.9610738158226013
5942,Normal,0.9601252675056458
5943,Normal,0.9603697657585144
5944,Normal,0.9614539742469788
5945,Normal,0.9610909819602966
5946,Normal,0.9610971808433533
5947,Normal,0.9614761471748352
5948,Normal,0.9613288044929504
5949,Normal,0.9599597454071045
5950,Normal,0.9599899053573608
5951,Normal,0.9608368277549744
5952,Normal,0.9603334665298462
5953,Normal,0.9598783254623413
5954,Normal,0.9595994353294373
5955,Normal,0.9590194225311279
5956,Normal,0.959111750125885
5957,Normal,0.9605534076690674
5958,Normal,0.9607462286949158
5959,Normal,0.9618507027626038
5960,Normal,0.9618776440620422
5961,Normal,0.9608290195465088
5962,Normal,0.9606655836105347
5963,Normal,0.9596726298332214
5964,Normal,0.961061418056488
5965,Normal,0.9608403444290161
5966,Normal,0.9608343839645386
5967,Normal,0.9602437615394592
5968,Normal,0.9613509178161621
5969,Normal,0.9607477784156799
5970,Normal,0.9600414633750916
5971,Normal,0.95917809009552
5972,Normal,0.9590096473693848
5973,Normal,0.9590766429901123
5974,Normal,0.9603736996650696
5975,Normal,0.9605200886726379
5976,Normal,0.9601606726646423
5977,Normal,0.960218608379364
5978,Normal,0.9615210890769958
5979,Normal,0.9610146880149841
5980,Normal,0.9609485268592834
5981,Normal,0.9631164073944092
5982,Normal,0.9604222178459167
5983,Normal,0.9609571099281311
5984,Normal,0.9603958129882812
5985,Normal,0.9606771469116211
5986,Normal,0.9604781866073608
5987,Normal,0.9604969024658203
5988,Normal,0.9592390656471252
5989,Normal,0.9595728516578674
5990,Normal,0.9595689177513123
5991,Normal,0.9589833617210388
5992,Normal,0.9591230154037476
5993,Normal,0.9602687358856201
5994,Normal,0.9610738158226013
5995,Normal,0.9601252675056458
5996,Normal,0.9603697657585144
5997,Normal,0.9614538550376892
5998,Normal,0.9610909819602966
5999,Normal,0.9610971808433533
6000,Normal,0.9614760279655457
6001,Normal,0.9613288044929504
6002,Normal,0.9599597454071045
6003,Normal,0.9599899053573608
6004,Normal,0.9608368277549744
6005,Normal,0.9603334665298462
6006,Normal,0.9598783254623413
6007,Normal,0.9595994353294373
6008,Normal,0.9590193033218384
6009,Normal,0.959111750125885
6010,Normal,0.9605532884597778
6011,Normal,0.9607463479042053
6012,Normal,0.9618507027626038
6013,Normal,0.9618777632713318
6014,Normal,0.9608290195465088
6015,Normal,0.9606657028198242
6016,Normal,0.9596726298332214
6017,Normal,0.9610612988471985
6018,Normal,0.9608403444290161
6019,Normal,0.9608343839645386
6020,Normal,0.9602437615394592
6021,Normal,0.9613509178161621
6022,Normal,0.9607477784156799
6023,Normal,0.9600414633750916
6024,Normal,0.95917809009552
6025,Normal,0.9590096473693848
6026,Normal,0.9590765237808228
6027,Normal,0.9603736996650696
6028,Normal,0.9605200886726379
6029,Normal,0.9601606726646423
6030,Normal,0.9602187275886536
6031,Normal,0.9615210890769958
6032,Normal,0.9610146880149841
6033,Normal,0.9609485268592834
6034,Normal,0.9631164073944092
6035,Normal,0.9604222178459167
6036,Normal,0.9609571099281311
6037,Normal,0.9603958129882812
6038,Normal,0.9606771469116211
6039,Normal,0.9604781866073608
6040,Normal,0.9604969620704651
6041,Normal,0.9592390656471252
6042,Normal,0.9595728516578674
6043,Normal,0.9595689177513123
6044,Normal,0.9589833617210388
6045,Normal,0.9591230154037476
6046,Normal,0.9602687358856201
6047,Normal,0.9610738158226013
6048,Normal,0.9601252675056458
6049,Normal,0.9603696465492249
6050,Normal,0.9614538550376892
6051,Normal,0.9610909819602966
6052,Normal,0.9610971808433533
6053,Normal,0.9614760279655457
6054,Normal,0.9613286852836609
6055,Normal,0.9599597454071045
6056,Normal,0.9599899053573608
6057,Normal,0.9608368277549744
6058,Normal,0.9603334665298462
6059,Normal,0.9598783254623413
6060,Normal,0.9595994353294373
6061,Normal,0.9590193033218384
6062,Normal,0.959111750125885
6063,Normal,0.9605531692504883
6064,Normal,0.9607463479042053
6065,Normal,0.9618507027626038
6066,Normal,0.9618777632713318
6067,Normal,0.9608290195465088
6068,Normal,0.9606658220291138
6069,Normal,0.9596726298332214
6070,Normal,0.9610612988471985
6071,Normal,0.9608403444290161
6072,Normal,0.9608343839645386
6073,Normal,0.9602437615394592
6074,Normal,0.9613509178161621
6075,Normal,0.9607477784156799
6076,Normal,0.9600414633750916
6077,Normal,0.95917809009552
6078,Normal,0.9590096473693848
6079,Normal,0.9590765237808228
6080,Normal,0.9603736996650696
6081,Normal,0.9605200886726379
6082,Normal,0.9601606726646423
6083,Normal,0.9602187275886536
6084,Normal,0.9615210890769958
6085,Normal,0.9610146880149841
6086,Normal,0.9609485268592834
6087,Normal,0.9631164073944092
6088,Normal,0.9604222178459167
6089,Normal,0.9609571099281311
6090,Normal,0.9603958129882812
6091,Normal,0.9606771469116211
6092,Normal,0.9604781866073608
6093,Normal,0.9604969620704651
6094,Normal,0.9592390656471252
6095,Normal,0.9595728516578674
6096,Normal,0.9595689177513123
6097,Normal,0.9589833617210388
6098,Normal,0.9591230154037476
6099,Normal,0.9602686166763306
6100,Normal,0.9610740542411804
6101,Normal,0.9601252675056458
6102,Normal,0.9603696465492249
6103,Normal,0.9614539742469788
6104,Normal,0.9610909819602966
6105,Normal,0.9610971808433533
6106,Normal,0.9614760279655457
6107,Normal,0.9613286852836609
6108,Normal,0.9599597454071045
6109,Normal,0.9599899053573608
6110,Normal,0.9608368277549744
6111,Normal,0.9603334665298462
6112,Normal,0.9598783254623413
6113,Normal,0.9595994353294373
6114,Normal,0.9590193033218384
6115,Normal,0.959111750125885
6116,Normal,0.9605530500411987
6117,Normal,0.9607463479042053
6118,Normal,0.9618507027626038
6119,Normal,0.9618777632713318
6120,Normal,0.9608290195465088
6121,Normal,0.9606658220291138
6122,Normal,0.9596726298332214
6123,Normal,0.9610612988471985
6124,Normal,0.9608403444290161
6125,Normal,0.9608343839645386
6126,Normal,0.9602437615394592
6127,Normal,0.9613510370254517
6128,Normal,0.9607478976249695
6129,Normal,0.9600414633750916
6130,Normal,0.95917809009552
6131,Normal,0.9590096473693848
6132,Normal,0.9590764045715332
6133,Normal,0.9603736996650696
6134,Normal,0.9605202078819275
6135,Normal,0.9601606726646423
6136,Normal,0.9602187275886536
6137,Normal,0.9615210890769958
6138,Normal,0.9610146880149841
6139,Normal,0.9609485268592834
6140,Normal,0.9631165266036987
6141,Normal,0.9604223370552063
6142,Normal,0.9609571099281311
6143,Normal,0.9603958129882812
6144,Normal,0.9606771469116211
6145,Normal,0.9604781866073608
6146,Normal,0.9604969620704651
6147,Normal,0.9592390656471252
6148,Normal,0.9595728516578674
6149,Normal,0.9595689177513123
6150,Normal,0.9589833617210388
6151,Normal,0.9591230154037476
6152,Normal,0.960268497467041
6153,Normal,0.9610740542411804
6154,Normal,0.9601252675056458
6155,Normal,0.9603697657585144
6156,Normal,0.9614538550376892
6157,Normal,0.9610909819602966
6158,Normal,0.9610971808433533
6159,Normal,0.9614759087562561
6160,Normal,0.9613286852836609
6161,Normal,0.9599597454071045
6162,Normal,0.9599898457527161
6163,Normal,0.9608367085456848
6164,Normal,0.9603334665298462
6165,Normal,0.9598783254623413
6166,Normal,0.9595994353294373
6167,Normal,0.9590193033218384
6168,Normal,0.959111750125885
6169,Normal,0.9605530500411987
6170,Normal,0.9607463479042053
6171,Normal,0.9618507027626038
6172,Normal,0.9618777632713318
6173,Normal,0.9608290195465088
6174,Normal,0.9606658220291138
6175,Normal,0.9596726298332214
6176,Normal,0.9610612988471985
6177,Normal,0.9608403444290161
6178,Normal,0.9608343839645386
6179,Normal,0.9602437615394592
6180,Normal,0.9613509178161621
6181,Normal,0.9607478976249695
6182,Normal,0.9600414633750916
6183,Normal,0.95917809009552
6184,Normal,0.9590096473693848
6185,Normal,0.9590764045715332
6186,Normal,0.9603736996650696
6187,Normal,0.9605202078819275
6188,Normal,0.9601606726646423
6189,Normal,0.9602187275886536
6190,Normal,0.9615210890769958
6191,Normal,0.9610146880149841
6192,Normal,0.9609485268592834
6193,Normal,0.9631165266036987
6194,Normal,0.9604223370552063
6195,Normal,0.9609569907188416
6196,Normal,0.9603958129882812
6197,Normal,0.9606771469116211
6198,Normal,0.9604781866073608
6199,Normal,0.9604969620704651
6200,Normal,0.9592390656471252
6201,Normal,0.9595728516578674
6202,Normal,0.9595689177513123
6203,Normal,0.9589833617210388
6204,Normal,0.9591230154037476
6205,Normal,0.9602683782577515
6206,Normal,0.9610740542411804
6207,Normal,0.9601252675056458
6208,Normal,0.9603697657585144
6209,Normal,0.9614539742469788
6210,Normal,0.9610909819602966
6211,Normal,0.9610971808433533
6212,Normal,0.9614759087562561
6213,Normal,0.9613286852836609
6214,Normal,0.9599597454071045
6215,Normal,0.9599898457527161
6216,Normal,0.9608367085456848
6217,Normal,0.9603334665298462
6218,Normal,0.9598783254623413
6219,Normal,0.9595994353294373
6220,Normal,0.9590193033218384
6221,Normal,0.959111750125885
6222,Normal,0.9605530500411987
6223,Normal,0.9607463479042053
6224,Normal,0.9618507027626038
6225,Normal,0.9618777632713318
6226,Normal,0.9608290195465088
6227,Normal,0.9606658220291138
6228,Normal,0.9596726298332214
6229,Normal,0.9610612988471985
6230,Normal,0.9608403444290161
6231,Normal,0.9608343839645386
6232,Normal,0.9602437615394592
6233,Normal,0.9613509178161621
6234,Normal,0.9607478976249695
6235,Normal,0.9600414633750916
6236,Normal,0.95917809009552
6237,Normal,0.9590096473693848
6238,Normal,0.9590764045715332
6239,Normal,0.96037358045578
6240,Normal,0.9605202078819275
6241,Normal,0.9601606726646423
6242,Normal,0.9602187275886536
6243,Normal,0.9615210890769958
6244,Normal,0.9610146880149841
6245,Normal,0.960948646068573
6246,Normal,0.9631165266036987
6247,Normal,0.9604223370552063
6248,Normal,0.9609569907188416
6249,Normal,0.9603956937789917
6250,Normal,0.9606771469116211
6251,Normal,0.9604781866073608
6252,Normal,0.9604969620704651
6253,Normal,0.9592389464378357
6254,Normal,0.9595728516578674
6255,Normal,0.9595689177513123
6256,Normal,0.9589833617210388
6257,Normal,0.9591230154037476
6258,Normal,0.9602683782577515
6259,Normal,0.96107417345047
6260,Normal,0.9601252675056458
6261,Normal,0.9603697657585144
6262,Normal,0.9614538550376892
6263,Normal,0.9610909819602966
6264,Normal,0.9610971808433533
6265,Normal,0.9614759087562561
6266,Normal,0.9613286852836609
6267,Normal,0.9599597454071045
6268,Normal,0.9599898457527161
6269,Normal,0.9608367085456848
6270,Normal,0.9603334665298462
6271,Normal,0.9598783254623413
6272,Normal,0.9595994353294373
6273,Normal,0.9590193033218384
6274,Normal,0.959111750125885
6275,Normal,0.9605530500411987
6276,Normal,0.9607464671134949
6277,Normal,0.9618507027626038
6278,Normal,0.9618777632713318
6279,Normal,0.9608290195465088
6280,Normal,0.9606658220291138
6281,Normal,0.9596725106239319
6282,Normal,0.9610612988471985
6283,Normal,0.9608402252197266
6284,Normal,0.9608343839645386
6285,Normal,0.9602437615394592
6286,Normal,0.9613509178161621
6287,Normal,0.9607478976249695
6288,Normal,0.960041344165802
6289,Normal,0.95917809009552
6290,Normal,0.9590096473693848
6291,Normal,0.9590764045715332
6292,Normal,0.96037358045578
6293,Normal,0.9605202078819275
6294,Normal,0.9601606726646423
6295,Normal,0.9602187275886536
6296,Normal,0.9615210890769958
6297,Normal,0.9610146880149841
6298,Normal,0.960948646068573
6299,Normal,0.9631165266036987
6300,Normal,0.9604223370552063
6301,Normal,0.9609569311141968
6302,Normal,0.9603956937789917
6303,Normal,0.9606771469116211
6304,Normal,0.9604781866073608
6305,Normal,0.9604969620704651
6306,Normal,0.9592389464378357
6307,Normal,0.9595728516578674
6308,Normal,0.9595689177513123
6309,Normal,0.9589833617210388
6310,Normal,0.959122896194458
6311,Normal,0.9602683782577515
6312,Normal,0.96107417345047
6313,Normal,0.9601252675056458
6314,Normal,0.9603697657585144
6315,Normal,0.9614538550376892
6316,Normal,0.9610909819602966
6317,Normal,0.9610971808433533
6318,Normal,0.9614759087562561
6319,Normal,0.9613286852836609
6320,Normal,0.9599597454071045
6321,Normal,0.9599897265434265
6322,Normal,0.9608367085456848
6323,Normal,0.9603334665298462
6324,Normal,0.9598783254623413
6325,Normal,0.9595994353294373
6326,Normal,0.9590193033218384
6327,Normal,0.959111750125885
6328,Normal,0.9605530500411987
6329,Normal,0.9607464671134949
6330,Normal,0.961850643157959
6331,Normal,0.9618777632713318
6332,Normal,0.9608290195465088
6333,Normal,0.9606658220291138
6334,Normal,0.9596725106239319
6335,Normal,0.9610612988471985
6336,Normal,0.9608402252197266
6337,Normal,0.9608343839645386
6338,Normal,0.9602437615394592
6339,Normal,0.9613509178161621
6340,Normal,0.9607478976249695
6341,Normal,0.960041344165802
6342,Normal,0.95917809009552
6343,Normal,0.9590096473693848
6344,Normal,0.9590764045715332
6345,Normal,0.9603735208511353
6346,Normal,0.960520327091217
6347,Normal,0.9601606726646423
6348,Normal,0.9602187275886536
6349,Normal,0.9615210890769958
6350,Normal,0.9610146880149841
6351,Normal,0.960948646068573
6352,Normal,0.9631166458129883
6353,Normal,0.9604223370552063
6354,Normal,0.9609569311141968
6355,Normal,0.9603956937789917
6356,Normal,0.9606771469116211
6357,Normal,0.9604781866073608
6358,Normal,0.9604969620704651
6359,Normal,0.9592389464378357
6360,Normal,0.9595728516578674
6361,Normal,0.9595689177513123
6362,Normal,0.9589833617210388
6363,Normal,0.959122896194458
6364,Normal,0.9602683782577515
6365,Normal,0.96107417345047
6366,Normal,0.9601252675056458
6367,Normal,0.9603697657585144
6368,Normal,0.9614539742469788
6369,Normal,0.9610909819602966
6370,Normal,0.9610971808433533
6371,Normal,0.9614759087562561
6372,Normal,0.9613286852836609
6373,Normal,0.9599596261978149
6374,Normal,0.9599897265434265
6375,Normal,0.9608367085456848
6376,Normal,0.9603334665298462
6377,Normal,0.9598783254623413
6378,Normal,0.9595994353294373
6379,Normal,0.9590193033218384
6380,Normal,0.9591116309165955
6381,Normal,0.960552990436554
6382,Normal,0.9607464671134949
6383,Normal,0.961850643157959
6384,Normal,0.9618778824806213
6385,Normal,0.9608289003372192
6386,Normal,0.9606658220291138
6387,Normal,0.9596725106239319
6388,Normal,0.9610611796379089
6389,Normal,0.9608402252197266
6390,Normal,0.9608343839645386
6391,Normal,0.9602437615394592
6392,Normal,0.9613509178161621
6393,Normal,0.9607478976249695
6394,Normal,0.960041344165802
6395,Normal,0.9591779708862305
6396,Normal,0.9590096473693848
6397,Normal,0.9590764045715332
6398,Normal,0.9603735208511353
6399,Normal,0.9605203866958618
6400,Normal,0.9601606726646423
6401,Normal,0.9602187275886536
6402,Normal,0.9615210890769958
6403,Normal,0.9610146880149841
6404,Normal,0.960948646068573
6405,Normal,0.9631166458129883
6406,Normal,0.9604223370552063
6407,Normal,0.9609569311141968
6408,Normal,0.9603956937789917
6409,Normal,0.9606771469116211
6410,Normal,0.9604781866073608
6411,Normal,0.9604969620704651
6412,Normal,0.9592389464378357
6413,Normal,0.9595728516578674
6414,Normal,0.9595689177513123
6415,Normal,0.9589833617210388
6416,Normal,0.959122896194458
6417,Normal,0.9602683782577515
6418,Normal,0.96107417345047
6419,Normal,0.9601252675056458
6420,Normal,0.9603697657585144
6421,Normal,0.9614538550376892
6422,Normal,0.9610909819602966
6423,Normal,0.9610971808433533
6424,Normal,0.9614759087562561
6425,Normal,0.9613286852836609
6426,Normal,0.9599596261978149
6427,Normal,0.9599897265434265
6428,Normal,0.9608367085456848
6429,Normal,0.9603334665298462
6430,Normal,0.9598782062530518
6431,Normal,0.9595994353294373
6432,Normal,0.9590191841125488
6433,Normal,0.9591115117073059
6434,Normal,0.960552990436554
6435,Normal,0.9607464671134949
6436,Normal,0.961850643157959
6437,Normal,0.9618777632713318
6438,Normal,0.9608290195465088
6439,Normal,0.9606658220291138
6440,Normal,0.9596725106239319
6441,Normal,0.9610611796379089
6442,Normal,0.9608402252197266
6443,Normal,0.9608343839645386
6444,Normal,0.9602437615394592
6445,Normal,0.9613509178161621
6446,Normal,0.9607478976249695
6447,Normal,0.9600412249565125
6448,Normal,0.9591778516769409
6449,Normal,0.9590095281600952
6450,Normal,0.9590764045715332
6451,Normal,0.9603735208511353
6452,Normal,0.9605203866958618
6453,Normal,0.9601606726646423
6454,Normal,0.9602188467979431
6455,Normal,0.9615210890769958
6456,Normal,0.9610146880149841
6457,Normal,0.9609487652778625
6458,Normal,0.9631166458129883
6459,Normal,0.9604223370552063
6460,Normal,0.9609569311141968
6461,Normal,0.9603956937789917
6462,Normal,0.9606771469116211
6463,Normal,0.9604781866073608
6464,Normal,0.9604969620704651
6465,Normal,0.9592389464378357
6466,Normal,0.9595728516578674
6467,Normal,0.9595689177513123
6468,Normal,0.9589833617210388
6469,Normal,0.9591228365898132
6470,Normal,0.9602683782577515
6471,Normal,0.96107417345047
6472,Normal,0.9601252675056458
6473,Normal,0.9603697657585144
6474,Normal,0.9614538550376892
6475,Normal,0.9610909819602966
6476,Normal,0.9610970616340637
6477,Normal,0.9614757895469666
6478,Normal,0.9613286852836609
6479,Normal,0.9599596261978149
6480,Normal,0.9599897265434265
6481,Normal,0.9608367085456848
6482,Normal,0.9603334665298462
6483,Normal,0.9598782062530518
6484,Normal,0.9595994353294373
6485,Normal,0.9590191841125488
6486,Normal,0.9591115117073059
6487,Normal,0.960552990436554
6488,Normal,0.9607465863227844
6489,Normal,0.9618505239486694
6490,Normal,0.9618778824806213
6491,Normal,0.9608289003372192
6492,Normal,0.9606658220291138
6493,Normal,0.9596726298332214
6494,Normal,0.9610611796379089
6495,Normal,0.9608402252197266
6496,Normal,0.9608343839645386
6497,Normal,0.9602438807487488
6498,Normal,0.9613509178161621
6499,Normal,0.9607478976249695
6500,Normal,0.9600412249565125
6501,Normal,0.9591778516769409
6502,Normal,0.9590095281600952
6503,Normal,0.9590764045715332
6504,Normal,0.9603734016418457
6505,Normal,0.9605203866958618
6506,Normal,0.9601606726646423
6507,Normal,0.9602188467979431
6508,Normal,0.9615210890769958
6509,Normal,0.9610146880149841
6510,Normal,0.9609487652778625
6511,Normal,0.9631166458129883
6512,Normal,0.9604223370552063
6513,Normal,0.9609569311141968
6514,Normal,0.9603956937789917
6515,Normal,0.9606771469116211
6516,Normal,0.9604781866073608
6517,Normal,0.9604969620704651
6518,Normal,0.9592389464378357
6519,Normal,0.9595727324485779
6520,Normal,0.9595689177513123
6521,Normal,0.9589833617210388
6522,Normal,0.9591228365898132
6523,Normal,0.9602682590484619
6524,Normal,0.96107417345047
6525,Normal,0.9601253867149353
6526,Normal,0.9603697657585144
6527,Normal,0.9614538550376892
6528,Normal,0.9610909819602966
6529,Normal,0.9610970616340637
6530,Normal,0.9614757895469666
6531,Normal,0.9613286852836609
6532,Normal,0.9599596261978149
6533,Normal,0.9599897265434265
6534,Normal,0.9608367085456848
6535,Normal,0.9603334665298462
6536,Normal,0.9598782062530518
6537,Normal,0.9595994353294373
6538,Normal,0.9590191841125488
6539,Normal,0.9591115117073059
6540,Normal,0.960552990436554
6541,Normal,0.9607465863227844
6542,Normal,0.9618505239486694
6543,Normal,0.9618779420852661
6544,Normal,0.9608289003372192
6545,Normal,0.9606658220291138
6546,Normal,0.9596726298332214
6547,Normal,0.9610611796379089
6548,Normal,0.9608402252197266
6549,Normal,0.9608343839645386
6550,Normal,0.9602438807487488
6551,Normal,0.9613509178161621
6552,Normal,0.9607478976249695
6553,Normal,0.9600412249565125
6554,Normal,0.9591778516769409
6555,Normal,0.9590095281600952
6556,Normal,0.9590764045715332
6557,Normal,0.9603734016418457
6558,Normal,0.9605203866958618
6559,Normal,0.9601606726646423
6560,Normal,0.9602189064025879
6561,Normal,0.9615209698677063
6562,Normal,0.9610146880149841
6563,Normal,0.9609487652778625
6564,Normal,0.9631166458129883
6565,Normal,0.9604223370552063
6566,Normal,0.9609569311141968
6567,Normal,0.9603956937789917
6568,Normal,0.9606771469116211
6569,Normal,0.9604781866073608
6570,Normal,0.9604969620704651
6571,Normal,0.9592389464378357
6572,Normal,0.9595727324485779
6573,Normal,0.9595689177513123
6574,Normal,0.9589833617210388
6575,Normal,0.9591228365898132
6576,Normal,0.9602682590484619
6577,Normal,0.96107417345047
6578,Normal,0.9601253867149353
6579,Normal,0.960369884967804
6580,Normal,0.9614538550376892
6581,Normal,0.9610909819602966
6582,Normal,0.9610970616340637
6583,Normal,0.9614757895469666
6584,Normal,0.9613286852836609
6585,Normal,0.9599596261978149
6586,Normal,0.9599897265434265
6587,Normal,0.9608367085456848
6588,Normal,0.9603334665298462
6589,Normal,0.9598782062530518
6590,Normal,0.9595994353294373
6591,Normal,0.9590191841125488
6592,Normal,0.9591115117073059
6593,Normal,0.9605528712272644
6594,Normal,0.9607465863227844
6595,Normal,0.9618505239486694
6596,Normal,0.9618779420852661
6597,Normal,0.9608289003372192
6598,Normal,0.9606658220291138
6599,Normal,0.9596725106239319
6600,Normal,0.9610610604286194
6601,Normal,0.9608402252197266
6602,Normal,0.9608343839645386
6603,Normal,0.9602437615394592
6604,Normal,0.9613509178161621
6605,Normal,0.9607478976249695
6606,Normal,0.9600412249565125
6607,Normal,0.9591778516769409
6608,Normal,0.9590095281600952
6609,Normal,0.9590764045715332
6610,Normal,0.9603732824325562
6611,Normal,0.9605203866958618
6612,Normal,0.9601606726646423
6613,Normal,0.9602189064025879
6614,Normal,0.9615209698677063
6615,Normal,0.9610146880149841
6616,Normal,0.9609487652778625
6617,Normal,0.9631166458129883
6618,Normal,0.9604223370552063
6619,Normal,0.9609569311141968
6620,Normal,0.9603956937789917
6621,Normal,0.9606771469116211
6622,Normal,0.9604781866073608
6623,Normal,0.9604969620704651
6624,Normal,0.9592389464378357
6625,Normal,0.9595727324485779
6626,Normal,0.9595689177513123
6627,Normal,0.9589832425117493
6628,Normal,0.9591228365898132
6629,Normal,0.9602681994438171
6630,Normal,0.96107417345047
6631,Normal,0.9601253867149353
6632,Normal,0.960369884967804
6633,Normal,0.9614538550376892
6634,Normal,0.9610909819602966
6635,Normal,0.9610970616340637
6636,Normal,0.9614757895469666
6637,Normal,0.9613286852836609
6638,Normal,0.9599596261978149
6639,Normal,0.9599897265434265
6640,Normal,0.9608367085456848
6641,Normal,0.9603334665298462
6642,Normal,0.9598782062530518
6643,Normal,0.9595994353294373
6644,Normal,0.9590191841125488
6645,Normal,0.9591115117073059
6646,Normal,0.9605527520179749
6647,Normal,0.9607465863227844
6648,Normal,0.9618505239486694
6649,Normal,0.9618779420852661
6650,Normal,0.9608289003372192
6651,Normal,0.9606658220291138
6652,Normal,0.9596725106239319
6653,Normal,0.9610610604286194
6654,Normal,0.9608402252197266
6655,Normal,0.9608343839645386
6656,Normal,0.9602437615394592
6657,Normal,0.9613509178161621
6658,Normal,0.9607481360435486
6659,Normal,0.9600412249565125
6660,Normal,0.9591778516769409
6661,Normal,0.9590095281600952
6662,Normal,0.9590764045715332
6663,Normal,0.9603732824325562
6664,Normal,0.9605203866958618
6665,Normal,0.9601606726646423
6666,Normal,0.9602189064025879
6667,Normal,0.9615210890769958
6668,Normal,0.9610146880149841
6669,Normal,0.9609487652778625
6670,Normal,0.9631167054176331
6671,Normal,0.9604223370552063
6672,Normal,0.9609569311141968
6673,Normal,0.9603956937789917
6674,Normal,0.9606771469116211
6675,Normal,0.9604781866073608
6676,Normal,0.9604969620704651
6677,Normal,0.9592389464378357
6678,Normal,0.9595727324485779
6679,Normal,0.9595689177513123
6680,Normal,0.9589832425117493
6681,Normal,0.9591228365898132
6682,Normal,0.9602681994438171
6683,Normal,0.96107417345047
6684,Normal,0.9601253867149353
6685,Normal,0.960369884967804
6686,Normal,0.9614538550376892
6687,Normal,0.9610909819602966
6688,Normal,0.9610969424247742
6689,Normal,0.961475670337677
6690,Normal,0.9613286852836609
6691,Normal,0.9599596261978149
6692,Normal,0.959989607334137
6693,Normal,0.9608367085456848
6694,Normal,0.9603334665298462
6695,Normal,0.9598782062530518
6696,Normal,0.9595994353294373
6697,Normal,0.9590191841125488
6698,Normal,0.9591115117073059
6699,Normal,0.9605527520179749
6700,Normal,0.9607465863227844
6701,Normal,0.9618505239486694
6702,Normal,0.9618779420852661
6703,Normal,0.9608289003372192
6704,Normal,0.9606658220291138
6705,Normal,0.9596726298332214
6706,Normal,0.9610610604286194
6707,Normal,0.9608402252197266
6708,Normal,0.9608343839645386
6709,Normal,0.9602437615394592
6710,Normal,0.9613509178161621
6711,Normal,0.9607481360435486
6712,Normal,0.9600412249565125
6713,Normal,0.9591778516769409
6714,Normal,0.9590094089508057
6715,Normal,0.9590763449668884
6716,Normal,0.9603732824325562
6717,Normal,0.9605203866958618
6718,Normal,0.9601606726646423
6719,Normal,0.9602188467979431
6720,Normal,0.9615212082862854
6721,Normal,0.9610146880149841
6722,Normal,0.9609488844871521
6723,Normal,0.9631167054176331
6724,Normal,0.9604223370552063
6725,Normal,0.9609569311141968
6726,Normal,0.9603955745697021
6727,Normal,0.9606771469116211
6728,Normal,0.9604781866073608
6729,Normal,0.9604969620704651
6730,Normal,0.9592389464378357
6731,Normal,0.9595727324485779
6732,Normal,0.9595687985420227
6733,Normal,0.9589832425117493
6734,Normal,0.9591228365898132
6735,Normal,0.9602680802345276
6736,Normal,0.9610742926597595
6737,Normal,0.9601253867149353
6738,Normal,0.960369884967804
6739,Normal,0.9614538550376892
6740,Normal,0.9610909819602966
6741,Normal,0.9610969424247742
6742,Normal,0.961475670337677
6743,Normal,0.9613286852836609
6744,Normal,0.9599596261978149
6745,Normal,0.959989607334137
6746,Normal,0.9608367085456848
6747,Normal,0.9603334665298462
6748,Normal,0.9598782062530518
6749,Normal,0.9595994353294373
6750,Normal,0.9590191841125488
6751,Normal,0.9591115117073059
6752,Normal,0.9605527520179749
6753,Normal,0.9607465863227844
6754,Normal,0.9618505239486694
6755,Normal,0.9618779420852661
6756,Normal,0.9608289003372192
6757,Normal,0.9606658220291138
6758,Normal,0.9596726298332214
6759,Normal,0.9610610604286194
6760,Normal,0.9608402252197266
6761,Normal,0.9608343839645386
6762,Normal,0.9602437615394592
6763,Normal,0.9613509178161621
6764,Normal,0.9607481360435486
6765,Normal,0.9600412249565125
6766,Normal,0.9591778516769409
6767,Normal,0.9590094089508057
6768,Normal,0.9590763449668884
6769,Normal,0.9603732824325562
6770,Normal,0.9605203866958618
6771,Normal,0.9601606726646423
6772,Normal,0.9602188467979431
6773,Normal,0.9615212082862854
6774,Normal,0.9610146880149841
6775,Normal,0.9609488844871521
6776,Normal,0.9631167054176331
6777,Normal,0.9604225158691406
6778,Normal,0.9609569311141968
6779,Normal,0.9603955149650574
6780,Normal,0.9606771469116211
6781,Normal,0.9604781866073608
6782,Normal,0.9604969024658203
6783,Normal,0.9592389464378357
6784,Normal,0.9595727324485779
6785,Normal,0.9595687985420227
6786,Normal,0.9589831233024597
6787,Normal,0.9591228365898132
6788,Normal,0.9602680802345276
6789,Normal,0.9610742926597595
6790,Normal,0.9601253867149353
6791,Normal,0.960369884967804
6792,Normal,0.9614538550376892
6793,Normal,0.9610909819602966
6794,Normal,0.9610969424247742
6795,Normal,0.961475670337677
6796,Normal,0.9613286852836609
6797,Normal,0.9599596261978149
6798,Normal,0.959989607334137
6799,Normal,0.9608367085456848
6800,Normal,0.9603334665298462
6801,Normal,0.9598782062530518
6802,Normal,0.9595994353294373
6803,Normal,0.9590191841125488
6804,Normal,0.9591115117073059
6805,Normal,0.9605527520179749
6806,Normal,0.9607465863227844
6807,Normal,0.9618505239486694
6808,Normal,0.9618779420852661
6809,Normal,0.9608289003372192
6810,Normal,0.9606658220291138
6811,Normal,0.9596726298332214
6812,Normal,0.9610610604286194
6813,Normal,0.9608402252197266
6814,Normal,0.9608343839645386
6815,Normal,0.9602437615394592
6816,Normal,0.9613509178161621
6817,Normal,0.9607481360435486
6818,Normal,0.9600412249565125
6819,Normal,0.9591778516769409
6820,Normal,0.9590093493461609
6821,Normal,0.9590763449668884
6822,Normal,0.9603732824325562
6823,Normal,0.9605205059051514
6824,Normal,0.9601606726646423
6825,Normal,0.9602189064025879
6826,Normal,0.9615212082862854
6827,Normal,0.9610146880149841
6828,Normal,0.9609488844871521
6829,Normal,0.9631167054176331
6830,Normal,0.9604225158691406
6831,Normal,0.9609569311141968
6832,Normal,0.9603955745697021
6833,Normal,0.9606771469116211
6834,Normal,0.9604781866073608
6835,Normal,0.9604967832565308
6836,Normal,0.9592389464378357
6837,Normal,0.9595727324485779
6838,Normal,0.9595687985420227
6839,Normal,0.9589831233024597
6840,Normal,0.9591228365898132
6841,Normal,0.9602680802345276
6842,Normal,0.9610742926597595
6843,Normal,0.9601253867149353
6844,Normal,0.960369884967804
6845,Normal,0.9614538550376892
6846,Normal,0.9610909819602966
6847,Normal,0.9610970616340637
6848,Normal,0.961475670337677
6849,Normal,0.9613285660743713
6850,Normal,0.9599596261978149
6851,Normal,0.959989607334137
6852,Normal,0.9608367085456848
6853,Normal,0.9603334665298462
6854,Normal,0.9598782062530518
6855,Normal,0.9595994353294373
6856,Normal,0.9590191841125488
6857,Normal,0.9591115117073059
6858,Normal,0.9605526328086853
6859,Normal,0.9607468247413635
6860,Normal,0.9618505239486694
6861,Normal,0.9618779420852661
6862,Normal,0.9608289003372192
6863,Normal,0.9606658220291138
6864,Normal,0.9596725106239319
6865,Normal,0.9610610604286194
6866,Normal,0.9608402252197266
6867,Normal,0.9608343839645386
6868,Normal,0.9602437615394592
6869,Normal,0.9613509178161621
6870,Normal,0.9607481360435486
6871,Normal,0.9600412249565125
6872,Normal,0.9591778516769409
6873,Normal,0.9590093493461609
6874,Normal,0.9590763449668884
6875,Normal,0.9603732824325562
6876,Normal,0.9605205059051514
6877,Normal,0.9601607918739319
6878,Normal,0.9602189064025879
6879,Normal,0.9615212082862854
6880,Normal,0.9610145688056946
6881,Normal,0.9609488844871521
6882,Normal,0.9631168246269226
6883,Normal,0.9604225158691406
6884,Normal,0.9609569311141968
6885,Normal,0.9603955149650574
6886,Normal,0.9606771469116211
6887,Normal,0.9604781866073608
6888,Normal,0.9604967832565308
6889,Normal,0.9592389464378357
6890,Normal,0.9595727324485779
6891,Normal,0.9595686793327332
6892,Normal,0.9589831233024597
6893,Normal,0.9591227173805237
6894,Normal,0.9602680802345276
6895,Normal,0.9610742926597595
6896,Normal,0.9601253867149353
6897,Normal,0.960369884967804
6898,Normal,0.9614538550376892
6899,Normal,0.9610909819602966
6900,Normal,0.9610970616340637
6901,Normal,0.961475670337677
6902,Normal,0.9613285660743713
6903,Normal,0.9599596261978149
6904,Normal,0.959989607334137
6905,Normal,0.9608367085456848
6906,Normal,0.9603334665298462
6907,Normal,0.9598782062530518
6908,Normal,0.9595994353294373
6909,Normal,0.9590191841125488
6910,Normal,0.9591115117073059
6911,Normal,0.9605526328086853
6912,Normal,0.9607465863227844
6913,Normal,0.9618505239486694
6914,Normal,0.9618779420852661
6915,Normal,0.9608289003372192
6916,Normal,0.9606658220291138
6917,Normal,0.9596725106239319
6918,Normal,0.9610610604286194
6919,Normal,0.9608402252197266
6920,Normal,0.9608343839645386
6921,Normal,0.9602437615394592
6922,Normal,0.9613509178161621
6923,Normal,0.9607481360435486
6924,Normal,0.9600412249565125
6925,Normal,0.9591778516769409
6926,Normal,0.9590093493461609
6927,Normal,0.9590763449668884
6928,Normal,0.9603732824325562
6929,Normal,0.9605205059051514
6930,Normal,0.9601607918739319
6931,Normal,0.9602189064025879
6932,Normal,0.9615210890769958
6933,Normal,0.9610146880149841
6934,Normal,0.9609488844871521
6935,Normal,0.9631168246269226
6936,Normal,0.9604225158691406
6937,Normal,0.9609569311141968
6938,Normal,0.9603955149650574
6939,Normal,0.9606771469116211
6940,Normal,0.9604781866073608
6941,Normal,0.9604967832565308
6942,Normal,0.9592387676239014
6943,Normal,0.9595727324485779
6944,Normal,0.9595687985420227
6945,Normal,0.9589831233024597
6946,Normal,0.9591227173805237
6947,Normal,0.960267961025238
6948,Normal,0.9610742926597595
6949,Normal,0.9601253867149353
6950,Normal,0.960369884967804
6951,Normal,0.9614538550376892
6952,Normal,0.9610909819602966
6953,Normal,0.9610970616340637
6954,Normal,0.961475670337677
6955,Normal,0.9613285660743713
6956,Normal,0.9599596261978149
6957,Normal,0.959989607334137
6958,Normal,0.9608367085456848
6959,Normal,0.9603334665298462
6960,Normal,0.9598780870437622
6961,Normal,0.9595993161201477
6962,Normal,0.9590190649032593
6963,Normal,0.9591113924980164
6964,Normal,0.9605526328086853
6965,Normal,0.960746705532074
6966,Normal,0.9618505239486694
6967,Normal,0.9618779420852661
6968,Normal,0.9608289003372192
6969,Normal,0.9606658220291138
6970,Normal,0.9596726298332214
6971,Normal,0.9610610604286194
6972,Normal,0.9608402252197266
6973,Normal,0.960834264755249
6974,Normal,0.9602437615394592
6975,Normal,0.9613509178161621
6976,Normal,0.9607481360435486
6977,Normal,0.9600412249565125
6978,Normal,0.9591778516769409
6979,Normal,0.9590093493461609
6980,Normal,0.9590763449668884
6981,Normal,0.9603731632232666
6982,Normal,0.9605206251144409
6983,Normal,0.9601607918739319
6984,Normal,0.9602189064025879
6985,Normal,0.9615210890769958
6986,Normal,0.9610146880149841
6987,Normal,0.9609488844871521
6988,Normal,0.9631168246269226
6989,Normal,0.9604225158691406
6990,Normal,0.9609569311141968
6991,Normal,0.9603955149650574
6992,Normal,0.9606771469116211
6993,Normal,0.9604781866073608
6994,Normal,0.9604967832565308
6995,Normal,0.9592387676239014
6996,Normal,0.9595727324485779
6997,Normal,0.9595686793327332
6998,Normal,0.9589831233024597
6999,Normal,0.9591227173805237
7000,Normal,0.960267961025238
7001,Normal,0.9610742926597595
7002,Normal,0.9601253867149353
7003,Normal,0.960369884967804
7004,Normal,0.9614538550376892
7005,Normal,0.9610909819602966
7006,Normal,0.9610970616340637
7007,Normal,0.961475670337677
7008,Normal,0.9613285660743713
7009,Normal,0.9599596261978149
7010,Normal,0.9599894881248474
7011,Normal,0.9608367085456848
7012,Normal,0.9603334665298462
7013,Normal,0.9598780870437622
7014,Normal,0.9595993161201477
7015,Normal,0.9590190649032593
7016,Normal,0.9591113924980164
7017,Normal,0.9605526328086853
7018,Normal,0.9607468247413635
7019,Normal,0.9618505239486694
7020,Normal,0.9618779420852661
7021,Normal,0.9608289003372192
7022,Normal,0.9606658220291138
7023,Normal,0.9596725106239319
7024,Normal,0.9610610604286194
7025,Normal,0.9608402252197266
7026,Normal,0.960834264755249
7027,Normal,0.9602437615394592
7028,Normal,0.9613509178161621
7029,Normal,0.9607481360435486
7030,Normal,0.9600412249565125
7031,Normal,0.9591778516769409
7032,Normal,0.9590093493461609
7033,Normal,0.9590763449668884
7034,Normal,0.9603731632232666
7035,Normal,0.9605206251144409
7036,Normal,0.9601607918739319
7037,Normal,0.9602190256118774
7038,Normal,0.9615210890769958
7039,Normal,0.9610145688056946
7040,Normal,0.9609488844871521
7041,Normal,0.9631169438362122
7042,Normal,0.9604225158691406
7043,Normal,0.9609569311141968
7044,Normal,0.9603955149650574
7045,Normal,0.9606771469116211
7046,Normal,0.9604781866073608
7047,Normal,0.9604967832565308
7048,Normal,0.9592387676239014
7049,Normal,0.9595727324485779
7050,Normal,0.9595686793327332
7051,Normal,0.9589831233024597
7052,Normal,0.9591225981712341
7053,Normal,0.960267961025238
7054,Normal,0.9610742926597595
7055,Normal,0.9601253867149353
7056,Normal,0.9603700041770935
7057,Normal,0.9614538550376892
7058,Normal,0.9610909819602966
7059,Normal,0.9610970616340637
7060,Normal,0.961475670337677
7061,Normal,0.9613285660743713
7062,Normal,0.9599596261978149
7063,Normal,0.9599894881248474
7064,Normal,0.9608365893363953
7065,Normal,0.9603334665298462
7066,Normal,0.9598779678344727
7067,Normal,0.9595993161201477
7068,Normal,0.9590190649032593
7069,Normal,0.9591113924980164
7070,Normal,0.9605526328086853
7071,Normal,0.9607468247413635
7072,Normal,0.9618505239486694
7073,Normal,0.9618779420852661
7074,Normal,0.9608289003372192
7075,Normal,0.9606658220291138
7076,Normal,0.9596725106239319
7077,Normal,0.9610610604286194
7078,Normal,0.9608402252197266
7079,Normal,0.960834264755249
7080,Normal,0.9602437615394592
7081,Normal,0.9613509178161621
7082,Normal,0.9607481360435486
7083,Normal,0.9600411057472229
7084,Normal,0.9591778516769409
7085,Normal,0.9590093493461609
7086,Normal,0.9590763449668884
7087,Normal,0.9603731632232666
7088,Normal,0.9605206251144409
7089,Normal,0.9601607918739319
7090,Normal,0.9602189064025879
7091,Normal,0.9615210890769958
7092,Normal,0.9610145688056946
7093,Normal,0.9609488844871521
7094,Normal,0.9631169438362122
7095,Normal,0.9604225158691406
7096,Normal,0.9609569311141968
7097,Normal,0.9603955149650574
7098,Normal,0.9606771469116211
7099,Normal,0.9604781866073608
7100,Normal,0.9604967832565308
7101,Normal,0.9592387676239014
7102,Normal,0.9595727324485779
7103,Normal,0.9595686793327332
7104,Normal,0.9589831233024597
7105,Normal,0.9591225981712341
7106,Normal,0.960267961025238
7107,Normal,0.9610742926597595
7108,Normal,0.9601253867149353
7109,Normal,0.9603700637817383
7110,Normal,0.9614538550376892
7111,Normal,0.9610909819602966
7112,Normal,0.9610970616340637
7113,Normal,0.9614755511283875
7114,Normal,0.9613285660743713
7115,Normal,0.9599596261978149
7116,Normal,0.9599894881248474
7117,Normal,0.9608365893363953
7118,Normal,0.9603334665298462
7119,Normal,0.9598779678344727
7120,Normal,0.9595993161201477
7121,Normal,0.9590189456939697
7122,Normal,0.9591113924980164
7123,Normal,0.9605523943901062
7124,Normal,0.9607469439506531
7125,Normal,0.9618504047393799
7126,Normal,0.9618779420852661
7127,Normal,0.9608289003372192
7128,Normal,0.9606658220291138
7129,Normal,0.9596725106239319
7130,Normal,0.9610609412193298
7131,Normal,0.9608402252197266
7132,Normal,0.960834264755249
7133,Normal,0.9602437615394592
7134,Normal,0.9613509178161621
7135,Normal,0.9607481360435486
7136,Normal,0.9600411057472229
7137,Normal,0.9591778516769409
7138,Normal,0.9590093493461609
7139,Normal,0.9590763449668884
7140,Normal,0.960373044013977
7141,Normal,0.9605206251144409
7142,Normal,0.9601607918739319
7143,Normal,0.9602189064025879
7144,Normal,0.9615210890769958
7145,Normal,0.9610145688056946
7146,Normal,0.9609488844871521
7147,Normal,0.9631169438362122
7148,Normal,0.9604225158691406
7149,Normal,0.9609568119049072
7150,Normal,0.9603955149650574
7151,Normal,0.9606771469116211
7152,Normal,0.9604781866073608
7153,Normal,0.9604967832565308
7154,Normal,0.9592387676239014
7155,Normal,0.9595726132392883
7156,Normal,0.9595686793327332
7157,Normal,0.9589831233024597
7158,Normal,0.9591225981712341
7159,Normal,0.9602678418159485
7160,Normal,0.9610742926597595
7161,Normal,0.9601253867149353
7162,Normal,0.9603700637817383
7163,Normal,0.9614538550376892
7164,Normal,0.9610909819602966
7165,Normal,0.9610970616340637
7166,Normal,0.9614755511283875
7167,Normal,0.9613285660743713
7168,Normal,0.9599596261978149
7169,Normal,0.9599894881248474
7170,Normal,0.9608365893363953
7171,Normal,0.9603334665298462
7172,Normal,0.9598779678344727
7173,Normal,0.9595993161201477
7174,Normal,0.9590190649032593
7175,Normal,0.9591112732887268
7176,Normal,0.9605523943901062
7177,Normal,0.9607469439506531
7178,Normal,0.9618504047393799
7179,Normal,0.9618779420852661
7180,Normal,0.9608289003372192
7181,Normal,0.9606659412384033
7182,Normal,0.9596726298332214
7183,Normal,0.9610609412193298
7184,Normal,0.9608402252197266
7185,Normal,0.960834264755249
7186,Normal,0.9602437615394592
7187,Normal,0.9613509178161621
7188,Normal,0.9607481360435486
7189,Normal,0.9600411057472229
7190,Normal,0.9591778516769409
7191,Normal,0.9590093493461609
7192,Normal,0.9590763449668884
7193,Normal,0.960373044013977
7194,Normal,0.9605206251144409
7195,Normal,0.9601607918739319
7196,Normal,0.9602189064025879
7197,Normal,0.9615210890769958
7198,Normal,0.9610145688056946
7199,Normal,0.9609490036964417
7200,Normal,0.9631169438362122
7201,Normal,0.9604225158691406
7202,Normal,0.9609568119049072
7203,Normal,0.9603953957557678
7204,Normal,0.9606771469116211
7205,Normal,0.9604781866073608
7206,Normal,0.9604967832565308
7207,Normal,0.9592387676239014
7208,Normal,0.9595725536346436
7209,Normal,0.9595686793327332
7210,Normal,0.9589831233024597
7211,Normal,0.9591225981712341
7212,Normal,0.9602678418159485
7213,Normal,0.9610742926597595
7214,Normal,0.9601253867149353
7215,Normal,0.9603700637817383
7216,Normal,0.9614538550376892
7217,Normal,0.9610909819602966
7218,Normal,0.9610970616340637
7219,Normal,0.9614755511283875
7220,Normal,0.9613285660743713
7221,Normal,0.9599595069885254
7222,Normal,0.9599893689155579
7223,Normal,0.9608365893363953
7224,Normal,0.9603334665298462
7225,Normal,0.9598779678344727
7226,Normal,0.9595993161201477
7227,Normal,0.9590189456939697
7228,Normal,0.9591113924980164
7229,Normal,0.9605523943901062
7230,Normal,0.9607469439506531
7231,Normal,0.9618504047393799
7232,Normal,0.9618779420852661
7233,Normal,0.9608289003372192
7234,Normal,0.9606659412384033
7235,Normal,0.9596726298332214
7236,Normal,0.9610609412193298
7237,Normal,0.9608402252197266
7238,Normal,0.960834264755249
7239,Normal,0.9602437615394592
7240,Normal,0.9613509178161621
7241,Normal,0.9607481360435486
7242,Normal,0.9600411057472229
7243,Normal,0.9591778516769409
7244,Normal,0.9590093493461609
7245,Normal,0.9590763449668884
7246,Normal,0.9603729248046875
7247,Normal,0.9605206251144409
7248,Normal,0.9601607918739319
7249,Normal,0.9602189064025879
7250,Normal,0.9615210890769958
7251,Normal,0.9610145688056946
7252,Normal,0.9609490036964417
7253,Normal,0.9631169438362122
7254,Normal,0.9604225158691406
7255,Normal,0.9609566926956177
7256,Normal,0.9603955149650574
7257,Normal,0.9606771469116211
7258,Normal,0.9604780673980713
7259,Normal,0.9604967832565308
7260,Normal,0.9592387676239014
7261,Normal,0.9595725536346436
7262,Normal,0.9595686793327332
7263,Normal,0.9589830040931702
7264,Normal,0.9591225981712341
7265,Normal,0.9602677226066589
7266,Normal,0.9610742926597595
7267,Normal,0.9601253867149353
7268,Normal,0.9603700041770935
7269,Normal,0.9614539742469788
7270,Normal,0.9610909819602966
7271,Normal,0.9610969424247742
7272,Normal,0.9614755511283875
7273,Normal,0.9613284468650818
7274,Normal,0.9599595069885254
7275,Normal,0.9599893689155579
7276,Normal,0.9608365893363953
7277,Normal,0.9603334665298462
7278,Normal,0.9598779678344727
7279,Normal,0.9595993161201477
7280,Normal,0.9590189456939697
7281,Normal,0.9591112732887268
7282,Normal,0.9605523943901062
7283,Normal,0.9607469439506531
7284,Normal,0.9618504047393799
7285,Normal,0.9618779420852661
7286,Normal,0.9608289003372192
7287,Normal,0.9606659412384033
7288,Normal,0.9596726298332214
7289,Normal,0.9610609412193298
7290,Normal,0.9608402252197266
7291,Normal,0.960834264755249
7292,Normal,0.9602437615394592
7293,Normal,0.9613509178161621
7294,Normal,0.9607481360435486
7295,Normal,0.9600411057472229
7296,Normal,0.9591778516769409
7297,Normal,0.9590092301368713
7298,Normal,0.9590762257575989
7299,Normal,0.9603729248046875
7300,Normal,0.9605207443237305
7301,Normal,0.9601607918739319
7302,Normal,0.9602189064025879
7303,Normal,0.9615210890769958
7304,Normal,0.9610145688056946
7305,Normal,0.9609490036964417
7306,Normal,0.9631169438362122
7307,Normal,0.9604225158691406
7308,Normal,0.9609566926956177
7309,Normal,0.9603953957557678
7310,Normal,0.9606771469116211
7311,Normal,0.9604780673980713
7312,Normal,0.9604967832565308
7313,Normal,0.9592387676239014
7314,Normal,0.9595725536346436
7315,Normal,0.9595686793327332
7316,Normal,0.9589830040931702
7317,Normal,0.9591225981712341
7318,Normal,0.9602677226066589
7319,Normal,0.9610744118690491
7320,Normal,0.9601253867149353
7321,Normal,0.9603700637817383
7322,Normal,0.9614539742469788
7323,Normal,0.9610909223556519
7324,Normal,0.9610969424247742
7325,Normal,0.9614755511283875
7326,Normal,0.9613284468650818
7327,Normal,0.9599595069885254
7328,Normal,0.9599893689155579
7329,Normal,0.9608365893363953
7330,Normal,0.9603334665298462
7331,Normal,0.9598779678344727
7332,Normal,0.9595993161201477
7333,Normal,0.9590189456939697
7334,Normal,0.9591112732887268
7335,Normal,0.9605523347854614
7336,Normal,0.9607469439506531
7337,Normal,0.9618504047393799
7338,Normal,0.9618779420852661
7339,Normal,0.9608289003372192
7340,Normal,0.9606659412384033
7341,Normal,0.9596726298332214
7342,Normal,0.9610608220100403
7343,Normal,0.9608402252197266
7344,Normal,0.960834264755249
7345,Normal,0.9602437615394592
7346,Normal,0.9613509178161621
7347,Normal,0.9607481360435486
7348,Normal,0.9600411057472229
7349,Normal,0.9591778516769409
7350,Normal,0.9590092301368713
7351,Normal,0.9590762257575989
7352,Normal,0.9603728652000427
7353,Normal,0.9605207443237305
7354,Normal,0.9601607918739319
7355,Normal,0.9602190256118774
7356,Normal,0.9615210890769958
7357,Normal,0.9610145688056946
7358,Normal,0.9609490036964417
7359,Normal,0.9631169438362122
7360,Normal,0.9604226350784302
7361,Normal,0.9609566926956177
7362,Normal,0.9603953957557678
7363,Normal,0.9606771469116211
7364,Normal,0.9604780673980713
7365,Normal,0.9604967832565308
7366,Normal,0.9592387676239014
7367,Normal,0.9595725536346436
7368,Normal,0.9595686793327332
7369,Normal,0.9589830040931702
7370,Normal,0.9591225981712341
7371,Normal,0.9602677226066589
7372,Normal,0.9610744118690491
7373,Normal,0.9601253867149353
7374,Normal,0.9603700637817383
7375,Normal,0.9614538550376892
7376,Normal,0.9610909223556519
7377,Normal,0.9610969424247742
7378,Normal,0.9614755511283875
7379,Normal,0.9613284468650818
7380,Normal,0.9599595069885254
7381,Normal,0.9599893689155579
7382,Normal,0.9608364701271057
7383,Normal,0.9603333473205566
7384,Normal,0.9598779678344727
7385,Normal,0.9595993161201477
7386,Normal,0.9590189456939697
7387,Normal,0.959111213684082
7388,Normal,0.9605523347854614
7389,Normal,0.9607469439506531
7390,Normal,0.9618504047393799
7391,Normal,0.9618779420852661
7392,Normal,0.9608289003372192
7393,Normal,0.9606659412384033
7394,Normal,0.9596726298332214
7395,Normal,0.9610608220100403
7396,Normal,0.9608402252197266
7397,Normal,0.960834264755249
7398,Normal,0.9602437615394592
7399,Normal,0.9613509178161621
7400,Normal,0.9607481360435486
7401,Normal,0.9600411057472229
7402,Normal,0.9591777324676514
7403,Normal,0.9590092301368713
7404,Normal,0.9590762257575989
7405,Normal,0.9603728652000427
7406,Normal,0.9605207443237305
7407,Normal,0.9601607918739319
7408,Normal,0.9602190256118774
7409,Normal,0.9615210890769958
7410,Normal,0.9610145688056946
7411,Normal,0.9609490036964417
7412,Normal,0.9631169438362122
7413,Normal,0.9604226350784302
7414,Normal,0.9609566926956177
7415,Normal,0.9603953957557678
7416,Normal,0.9606771469116211
7417,Normal,0.9604780673980713
7418,Normal,0.9604967832565308
7419,Normal,0.9592386484146118
7420,Normal,0.9595725536346436
7421,Normal,0.9595685601234436
7422,Normal,0.9589830040931702
7423,Normal,0.9591225981712341
7424,Normal,0.9602676033973694
7425,Normal,0.9610744714736938
7426,Normal,0.9601253867149353
7427,Normal,0.9603700041770935
7428,Normal,0.9614539742469788
7429,Normal,0.9610909223556519
7430,Normal,0.9610969424247742
7431,Normal,0.9614754319190979
7432,Normal,0.9613284468650818
7433,Normal,0.9599595069885254
7434,Normal,0.9599893689155579
7435,Normal,0.9608364701271057
7436,Normal,0.9603333473205566
7437,Normal,0.9598779678344727
7438,Normal,0.9595993161201477
7439,Normal,0.9590189456939697
7440,Normal,0.959111213684082
7441,Normal,0.9605523347854614
7442,Normal,0.9607469439506531
7443,Normal,0.9618504047393799
7444,Normal,0.9618779420852661
7445,Normal,0.9608289003372192
7446,Normal,0.9606659412384033
7447,Normal,0.9596726298332214
7448,Normal,0.9610608220100403
7449,Normal,0.9608402252197266
7450,Normal,0.960834264755249
7451,Normal,0.9602437615394592
7452,Normal,0.9613509178161621
7453,Normal,0.9607481360435486
7454,Normal,0.9600411057472229
7455,Normal,0.9591777324676514
7456,Normal,0.9590092301368713
7457,Normal,0.9590759873390198
7458,Normal,0.9603728652000427
7459,Normal,0.9605207443237305
7460,Normal,0.9601607918739319
7461,Normal,0.9602190256118774
7462,Normal,0.9615210890769958
7463,Normal,0.9610145688056946
7464,Normal,0.9609490036964417
7465,Normal,0.9631169438362122
7466,Normal,0.9604226350784302
7467,Normal,0.9609566926956177
7468,Normal,0.9603953957557678
7469,Normal,0.9606770277023315
7470,Normal,0.9604780673980713
7471,Normal,0.9604967832565308
7472,Normal,0.9592386484146118
7473,Normal,0.959572434425354
7474,Normal,0.9595686793327332
7475,Normal,0.9589830040931702
7476,Normal,0.9591225981712341
7477,Normal,0.9602676033973694
7478,Normal,0.9610744714736938
7479,Normal,0.9601253867149353
7480,Normal,0.9603700637817383
7481,Normal,0.9614539742469788
7482,Normal,0.9610909223556519
7483,Normal,0.9610969424247742
7484,Normal,0.9614754319190979
7485,Normal,0.9613284468650818
7486,Normal,0.9599595069885254
7487,Normal,0.9599893689155579
7488,Normal,0.9608364701271057
7489,Normal,0.9603333473205566
7490,Normal,0.9598779678344727
7491,Normal,0.9595993161201477
7492,Normal,0.959018886089325
7493,Normal,0.959111213684082
7494,Normal,0.9605522155761719
7495,Normal,0.9607470035552979
7496,Normal,0.9618504047393799
7497,Normal,0.9618779420852661
7498,Normal,0.9608289003372192
7499,Normal,0.9606659412384033
7500,Normal,0.9596726298332214
7501,Normal,0.9610608220100403
7502,Normal,0.9608403444290161
7503,Normal,0.960834264755249
7504,Normal,0.9602437615394592
7505,Normal,0.9613509178161621
7506,Normal,0.9607482552528381
7507,Normal,0.9600411057472229
7508,Normal,0.9591777324676514
7509,Normal,0.9590092301368713
7510,Normal,0.9590759873390198
7511,Normal,0.9603728652000427
7512,Normal,0.9605209827423096
7513,Normal,0.9601607918739319
7514,Normal,0.9602190256118774
7515,Normal,0.9615210890769958
7516,Normal,0.9610145688056946
7517,Normal,0.9609490036964417
7518,Normal,0.9631169438362122
7519,Normal,0.9604226350784302
7520,Normal,0.9609566926956177
7521,Normal,0.9603953957557678
7522,Normal,0.9606770277023315
7523,Normal,0.9604780673980713
7524,Normal,0.9604967832565308
7525,Normal,0.9592386484146118
7526,Normal,0.959572434425354
7527,Normal,0.9595686793327332
7528,Normal,0.9589830040931702
7529,Normal,0.9591225981712341
7530,Normal,0.9602676033973694
7531,Normal,0.9610744714736938
7532,Normal,0.9601253867149353
7533,Normal,0.9603700637817383
7534,Normal,0.9614539742469788
7535,Normal,0.9610908031463623
7536,Normal,0.9610969424247742
7537,Normal,0.9614754319190979
7538,Normal,0.961328387260437
7539,Normal,0.9599595069885254
7540,Normal,0.9599892497062683
7541,Normal,0.9608364701271057
7542,Normal,0.9603333473205566
7543,Normal,0.9598779082298279
7544,Normal,0.9595993161201477
7545,Normal,0.959018886089325
7546,Normal,0.959111213684082
7547,Normal,0.9605522155761719
7548,Normal,0.9607470035552979
7549,Normal,0.9618504047393799
7550,Normal,0.9618779420852661
7551,Normal,0.9608289003372192
7552,Normal,0.9606659412384033
7553,Normal,0.9596726298332214
7554,Normal,0.9610608220100403
7555,Normal,0.9608403444290161
7556,Normal,0.960834264755249
7557,Normal,0.9602437615394592
7558,Normal,0.9613509178161621
7559,Normal,0.9607482552528381
7560,Normal,0.9600411057472229
7561,Normal,0.9591777324676514
7562,Normal,0.9590092301368713
7563,Normal,0.9590759873390198
7564,Normal,0.9603728652000427
7565,Normal,0.9605209827423096
7566,Normal,0.9601607918739319
7567,Normal,0.9602190256118774
7568,Normal,0.9615210890769958
7569,Normal,0.9610145688056946
7570,Normal,0.9609490036964417
7571,Normal,0.9631169438362122
7572,Normal,0.9604226350784302
7573,Normal,0.9609566926956177
7574,Normal,0.9603953957557678
7575,Normal,0.9606770277023315
7576,Normal,0.9604780673980713
7577,Normal,0.9604967832565308
7578,Normal,0.9592386484146118
7579,Normal,0.959572434425354
7580,Normal,0.9595685601234436
7581,Normal,0.9589827656745911
7582,Normal,0.9591225981712341
7583,Normal,0.9602675437927246
7584,Normal,0.9610744714736938
7585,Normal,0.9601253867149353
7586,Normal,0.9603701829910278
7587,Normal,0.9614539742469788
7588,Normal,0.9610908031463623
7589,Normal,0.9610969424247742
7590,Normal,0.9614754319190979
7591,Normal,0.961328387260437
7592,Normal,0.9599595069885254
7593,Normal,0.9599892497062683
7594,Normal,0.9608364701271057
7595,Normal,0.9603333473205566
7596,Normal,0.9598779082298279
7597,Normal,0.9595993161201477
7598,Normal,0.959018886089325
7599,Normal,0.959111213684082
7600,Normal,0.9605522155761719
7601,Normal,0.9607471227645874
7602,Normal,0.9618504047393799
7603,Normal,0.9618779420852661
7604,Normal,0.9608289003372192
7605,Normal,0.9606659412384033
7606,Normal,0.9596726298332214
7607,Normal,0.9610608220100403
7608,Normal,0.9608403444290161
7609,Normal,0.960834264755249
7610,Normal,0.9602437615394592
7611,Normal,0.9613509178161621
7612,Normal,0.9607482552528381
7613,Normal,0.9600411057472229
7614,Normal,0.9591777324676514
7615,Normal,0.9590092301368713
7616,Normal,0.9590759873390198
7617,Normal,0.9603728652000427
7618,Normal,0.9605209827423096
7619,Normal,0.9601607918739319
7620,Normal,0.9602190256118774
7621,Normal,0.9615210890769958
7622,Normal,0.9610145688056946
7623,Normal,0.9609490036964417
7624,Normal,0.9631171822547913
7625,Normal,0.9604226350784302
7626,Normal,0.9609566926956177
7627,Normal,0.9603953957557678
7628,Normal,0.9606770277023315
7629,Normal,0.9604780673980713
7630,Normal,0.9604967832565308
7631,Normal,0.9592386484146118
7632,Normal,0.959572434425354
7633,Normal,0.9595685601234436
7634,Normal,0.9589827656745911
7635,Normal,0.9591225981712341
7636,Normal,0.9602675437927246
7637,Normal,0.9610744714736938
7638,Normal,0.9601253867149353
7639,Normal,0.9603701829910278
7640,Normal,0.9614539742469788
7641,Normal,0.9610908031463623
7642,Normal,0.9610969424247742
7643,Normal,0.9614754319190979
7644,Normal,0.961328387260437
7645,Normal,0.9599595069885254
7646,Normal,0.9599892497062683
7647,Normal,0.9608364701271057
7648,Normal,0.9603333473205566
7649,Normal,0.9598779082298279
7650,Normal,0.9595993161201477
7651,Normal,0.959018886089325
7652,Normal,0.959111213684082
7653,Normal,0.9605520963668823
7654,Normal,0.9607471227645874
7655,Normal,0.9618501663208008
7656,Normal,0.9618779420852661
7657,Normal,0.9608289003372192
7658,Normal,0.9606659412384033
7659,Normal,0.9596726298332214
7660,Normal,0.9610608220100403
7661,Normal,0.9608403444290161
7662,Normal,0.960834264755249
7663,Normal,0.9602437615394592
7664,Normal,0.9613509178161621
7665,Normal,0.9607482552528381
7666,Normal,0.9600411057472229
7667,Normal,0.9591777324676514
7668,Normal,0.9590092301368713
7669,Normal,0.9590759873390198
7670,Normal,0.9603728652000427
7671,Normal,0.9605209827423096
7672,Normal,0.9601607918739319
7673,Normal,0.9602190256118774
7674,Normal,0.9615210890769958
7675,Normal,0.9610145688056946
7676,Normal,0.9609490036964417
7677,Normal,0.9631171822547913
7678,Normal,0.9604226350784302
7679,Normal,0.9609566926956177
7680,Normal,0.9603953957557678
7681,Normal,0.9606770277023315
7682,Normal,0.9604780673980713
7683,Normal,0.9604967832565308
7684,Normal,0.9592386484146118
7685,Normal,0.959572434425354
7686,Normal,0.9595685601234436
7687,Normal,0.9589827656745911
7688,Normal,0.9591225981712341
7689,Normal,0.9602674245834351
7690,Normal,0.9610744714736938
7691,Normal,0.9601255059242249
7692,Normal,0.9603701829910278
7693,Normal,0.9614539742469788
7694,Normal,0.9610908031463623
7695,Normal,0.9610969424247742
7696,Normal,0.9614754319190979
7697,Normal,0.9613282680511475
7698,Normal,0.9599595069885254
7699,Normal,0.9599892497062683
7700,Normal,0.9608364701271057
7701,Normal,0.9603333473205566
7702,Normal,0.9598777890205383
7703,Normal,0.9595993161201477
7704,Normal,0.959018886089325
7705,Normal,0.959111213684082
7706,Normal,0.9605520963668823
7707,Normal,0.9607471227645874
7708,Normal,0.9618502855300903
7709,Normal,0.9618779420852661
7710,Normal,0.9608289003372192
7711,Normal,0.9606659412384033
7712,Normal,0.9596726298332214
7713,Normal,0.9610608220100403
7714,Normal,0.9608403444290161
7715,Normal,0.960834264755249
7716,Normal,0.9602437615394592
7717,Normal,0.9613508582115173
7718,Normal,0.9607482552528381
7719,Normal,0.9600410461425781
7720,Normal,0.9591777324676514
7721,Normal,0.9590092301368713
7722,Normal,0.9590759873390198
7723,Normal,0.9603727459907532
7724,Normal,0.9605209827423096
7725,Normal,0.9601607918739319
7726,Normal,0.9602190256118774
7727,Normal,0.9615210890769958
7728,Normal,0.9610145688056946
7729,Normal,0.9609491229057312
7730,Normal,0.9631171822547913
7731,Normal,0.9604226350784302
7732,Normal,0.9609566926956177
7733,Normal,0.9603953957557678
7734,Normal,0.9606770277023315
7735,Normal,0.9604780673980713
7736,Normal,0.9604967832565308
7737,Normal,0.9592385292053223
7738,Normal,0.959572434425354
7739,Normal,0.9595685601234436
7740,Normal,0.9589827656745911
7741,Normal,0.9591225981712341
7742,Normal,0.9602674245834351
7743,Normal,0.9610744714736938
7744,Normal,0.9601255059242249
7745,Normal,0.9603701829910278
7746,Normal,0.9614539742469788
7747,Normal,0.9610908031463623
7748,Normal,0.9610969424247742
7749,Normal,0.9614753723144531
7750,Normal,0.9613282680511475
7751,Normal,0.9599595069885254
7752,Normal,0.9599891304969788
7753,Normal,0.9608364701271057
7754,Normal,0.9603333473205566
7755,Normal,0.9598777890205383
7756,Normal,0.9595990777015686
7757,Normal,0.959018886089325
7758,Normal,0.959111213684082
7759,Normal,0.9605520963668823
7760,Normal,0.9607471227645874
7761,Normal,0.9618501663208008
7762,Normal,0.9618779420852661
7763,Normal,0.9608289003372192
7764,Normal,0.9606659412384033
7765,Normal,0.9596726298332214
7766,Normal,0.9610608220100403
7767,Normal,0.9608403444290161
7768,Normal,0.960834264755249
7769,Normal,0.9602437615394592
7770,Normal,0.9613509178161621
7771,Normal,0.9607482552528381
7772,Normal,0.9600409269332886
7773,Normal,0.9591777324676514
7774,Normal,0.9590091109275818
7775,Normal,0.9590759873390198
7776,Normal,0.9603726267814636
7777,Normal,0.9605209827423096
7778,Normal,0.9601607918739319
7779,Normal,0.9602190256118774
7780,Normal,0.9615210890769958
7781,Normal,0.9610145688056946
7782,Normal,0.9609491229057312
7783,Normal,0.9631171822547913
7784,Normal,0.9604226350784302
7785,Normal,0.9609566926956177
7786,Normal,0.9603953957557678
7787,Normal,0.9606770277023315
7788,Normal,0.9604780673980713
7789,Normal,0.9604967832565308
7790,Normal,0.9592385292053223
7791,Normal,0.9595723152160645
7792,Normal,0.9595685601234436
7793,Normal,0.9589827656745911
7794,Normal,0.9591224789619446
7795,Normal,0.9602674245834351
7796,Normal,0.9610745906829834
7797,Normal,0.9601253867149353
7798,Normal,0.9603701829910278
7799,Normal,0.9614539742469788
7800,Normal,0.9610908031463623
7801,Normal,0.9610969424247742
7802,Normal,0.9614753723144531
7803,Normal,0.9613282680511475
7804,Normal,0.9599595069885254
7805,Normal,0.9599891304969788
7806,Normal,0.9608364701271057
7807,Normal,0.9603333473205566
7808,Normal,0.9598777890205383
7809,Normal,0.9595991969108582
7810,Normal,0.959018886089325
7811,Normal,0.959111213684082
7812,Normal,0.9605519771575928
7813,Normal,0.9607471227645874
7814,Normal,0.9618501663208008
7815,Normal,0.9618779420852661
7816,Normal,0.9608289003372192
7817,Normal,0.9606659412384033
7818,Normal,0.9596725106239319
7819,Normal,0.9610608220100403
7820,Normal,0.9608402252197266
7821,Normal,0.960834264755249
7822,Normal,0.9602437615394592
7823,Normal,0.9613509178161621
7824,Normal,0.9607482552528381
7825,Normal,0.9600409269332886
7826,Normal,0.9591777324676514
7827,Normal,0.9590091109275818
7828,Normal,0.9590759873390198
7829,Normal,0.9603726267814636
7830,Normal,0.9605209827423096
7831,Normal,0.9601607918739319
7832,Normal,0.960219144821167
7833,Normal,0.9615210890769958
7834,Normal,0.9610145688056946
7835,Normal,0.9609491229057312
7836,Normal,0.9631171822547913
7837,Normal,0.9604226350784302
7838,Normal,0.9609566926956177
7839,Normal,0.9603952765464783
7840,Normal,0.9606770277023315
7841,Normal,0.9604780673980713
7842,Normal,0.9604967832565308
7843,Normal,0.9592385292053223
7844,Normal,0.9595723152160645
7845,Normal,0.9595685601234436
7846,Normal,0.9589827656745911
7847,Normal,0.9591224789619446
7848,Normal,0.9602674245834351
7849,Normal,0.9610745906829834
7850,Normal,0.9601253867149353
7851,Normal,0.9603701829910278
7852,Normal,0.9614539742469788
7853,Normal,0.9610908031463623
7854,Normal,0.9610968232154846
7855,Normal,0.9614753723144531
7856,Normal,0.9613282680511475
7857,Normal,0.9599593877792358
7858,Normal,0.9599891304969788
7859,Normal,0.9608364701271057
7860,Normal,0.9603333473205566
7861,Normal,0.9598777890205383
7862,Normal,0.9595991969108582
7863,Normal,0.959018886089325
7864,Normal,0.959111213684082
7865,Normal,0.9605519771575928
7866,Normal,0.9607471227645874
7867,Normal,0.9618501663208008
7868,Normal,0.9618779420852661
7869,Normal,0.9608289003372192
7870,Normal,0.9606659412384033
7871,Normal,0.9596725106239319
7872,Normal,0.9610608220100403
7873,Normal,0.9608402252197266
7874,Normal,0.960834264755249
7875,Normal,0.9602438807487488
7876,Normal,0.9613508582115173
7877,Normal,0.9607482552528381
7878,Normal,0.9600409269332886
7879,Normal,0.9591777324676514
7880,Normal,0.9590091109275818
7881,Normal,0.9590759873390198
7882,Normal,0.9603726267814636
7883,Normal,0.9605209827423096
7884,Normal,0.9601607918739319
7885,Normal,0.960219144821167
7886,Normal,0.9615210890769958
7887,Normal,0.9610145688056946
7888,Normal,0.9609491229057312
7889,Normal,0.9631171822547913
7890,Normal,0.9604226350784302
7891,Normal,0.9609566926956177
7892,Normal,0.9603952765464783
7893,Normal,0.9606769680976868
7894,Normal,0.9604780673980713
7895,Normal,0.9604967832565308
7896,Normal,0.9592385292053223
7897,Normal,0.9595723152160645
7898,Normal,0.9595685601234436
7899,Normal,0.9589827656745911
7900,Normal,0.9591222405433655
7901,Normal,0.9602674245834351
7902,Normal,0.9610745906829834
7903,Normal,0.9601253867149353
7904,Normal,0.9603701829910278
7905,Normal,0.9614539742469788
7906,Normal,0.9610908031463623
7907,Normal,0.9610968232154846
7908,Normal,0.9614753723144531
7909,Normal,0.9613282680511475
7910,Normal,0.9599593877792358
7911,Normal,0.9599891304969788
7912,Normal,0.9608364701271057
7913,Normal,0.9603333473205566
7914,Normal,0.9598777890205383
7915,Normal,0.9595993161201477
7916,Normal,0.959018886089325
7917,Normal,0.959111213684082
7918,Normal,0.9605518579483032
7919,Normal,0.9607471227645874
7920,Normal,0.9618500471115112
7921,Normal,0.9618779420852661
7922,Normal,0.9608289003372192
7923,Normal,0.9606659412384033
7924,Normal,0.9596725106239319
7925,Normal,0.9610608220100403
7926,Normal,0.9608402252197266
7927,Normal,0.960834264755249
7928,Normal,0.9602438807487488
7929,Normal,0.9613507390022278
7930,Normal,0.9607482552528381
7931,Normal,0.9600409269332886
7932,Normal,0.9591777324676514
7933,Normal,0.9590091109275818
7934,Normal,0.9590759873390198
7935,Normal,0.9603726267814636
7936,Normal,0.9605209827423096
7937,Normal,0.9601607918739319
7938,Normal,0.960219144821167
7939,Normal,0.9615210890769958
7940,Normal,0.9610145688056946
7941,Normal,0.9609491229057312
7942,Normal,0.9631171822547913
7943,Normal,0.9604228734970093
7944,Normal,0.9609566926956177
7945,Normal,0.9603952765464783
7946,Normal,0.9606770277023315
7947,Normal,0.9604779481887817
7948,Normal,0.9604967832565308
7949,Normal,0.9592385292053223
7950,Normal,0.9595723152160645
7951,Normal,0.9595685601234436
7952,Normal,0.9589827656745911
7953,Normal,0.9591222405433655
7954,Normal,0.9602673053741455
7955,Normal,0.9610745906829834
7956,Normal,0.9601253867149353
7957,Normal,0.9603701829910278
7958,Normal,0.9614539742469788
7959,Normal,0.9610908031463623
7960,Normal,0.9610968232154846
7961,Normal,0.9614753723144531
7962,Normal,0.9613282680511475
7963,Normal,0.9599593877792358
7964,Normal,0.9599891304969788
7965,Normal,0.9608364701271057
7966,Normal,0.9603333473205566
7967,Normal,0.9598777890205383
7968,Normal,0.9595990777015686
7969,Normal,0.959018886089325
7970,Normal,0.959111213684082
7971,Normal,0.9605518579483032
7972,Normal,0.9607471227645874
7973,Normal,0.9618500471115112
7974,Normal,0.9618779420852661
7975,Normal,0.9608289003372192
7976,Normal,0.9606659412384033
7977,Normal,0.9596725106239319
7978,Normal,0.9610608220100403
7979,Normal,0.960840106010437
7980,Normal,0.960834264755249
7981,Normal,0.9602438807487488
7982,Normal,0.9613507390022278
7983,Normal,0.9607483744621277
7984,Normal,0.960040807723999
7985,Normal,0.9591777324676514
7986,Normal,0.9590091109275818
7987,Normal,0.9590759873390198
7988,Normal,0.9603726267814636
7989,Normal,0.9605209827423096
7990,Normal,0.9601606726646423
7991,Normal,0.960219144821167
7992,Normal,0.9615210890769958
7993,Normal,0.9610145688056946
7994,Normal,0.9609491229057312
7995,Normal,0.9631171822547913
7996,Normal,0.9604228734970093
7997,Normal,0.9609566926956177
7998,Normal,0.9603951573371887
7999,Normal,0.9606769680976868
8000,Normal,0.9604779481887817
8001,Normal,0.9604967832565308
8002,Normal,0.9592385292053223
8003,Normal,0.9595723152160645
8004,Normal,0.9595685601234436
8005,Normal,0.9589827656745911
8006,Normal,0.9591222405433655
8007,Normal,0.960267186164856
8008,Normal,0.9610745906829834
8009,Normal,0.9601253867149353
8010,Normal,0.9603701829910278
8011,Normal,0.9614539742469788
8012,Normal,0.9610908031463623
8013,Normal,0.9610968232154846
8014,Normal,0.9614753723144531
8015,Normal,0.9613282680511475
8016,Normal,0.9599593877792358
8017,Normal,0.9599891304969788
8018,Normal,0.9608364701271057
8019,Normal,0.9603333473205566
8020,Normal,0.9598777890205383
8021,Normal,0.9595991969108582
8022,Normal,0.9590187668800354
8023,Normal,0.9591110944747925
8024,Normal,0.9605518579483032
8025,Normal,0.9607471227645874
8026,Normal,0.9618500471115112
8027,Normal,0.9618779420852661
8028,Normal,0.9608289003372192
8029,Normal,0.9606659412384033
8030,Normal,0.959672749042511
8031,Normal,0.9610609412193298
8032,Normal,0.960840106010437
8033,Normal,0.960834264755249
8034,Normal,0.9602438807487488
8035,Normal,0.9613507390022278
8036,Normal,0.9607482552528381
8037,Normal,0.960040807723999
8038,Normal,0.9591777324676514
8039,Normal,0.9590091109275818
8040,Normal,0.9590759873390198
8041,Normal,0.9603725075721741
8042,Normal,0.9605209827423096
8043,Normal,0.9601606726646423
8044,Normal,0.960219144821167
8045,Normal,0.9615210890769958
8046,Normal,0.9610145688056946
8047,Normal,0.9609491229057312
8048,Normal,0.9631171822547913
8049,Normal,0.9604228734970093
8050,Normal,0.9609565734863281
8051,Normal,0.9603951573371887
8052,Normal,0.9606769680976868
8053,Normal,0.9604779481887817
8054,Normal,0.9604965448379517
8055,Normal,0.9592385292053223
8056,Normal,0.9595723152160645
8057,Normal,0.9595685601234436
8058,Normal,0.9589827656745911
8059,Normal,0.9591222405433655
8060,Normal,0.960267186164856
8061,Normal,0.9610745906829834
8062,Normal,0.9601253867149353
8063,Normal,0.9603701829910278
8064,Normal,0.9614539742469788
8065,Normal,0.9610908031463623
8066,Normal,0.9610968232154846
8067,Normal,0.9614753723144531
8068,Normal,0.9613282680511475
8069,Normal,0.9599593877792358
8070,Normal,0.9599891304969788
8071,Normal,0.9608364105224609
8072,Normal,0.9603333473205566
8073,Normal,0.9598777890205383
8074,Normal,0.9595990777015686
8075,Normal,0.9590187668800354
8076,Normal,0.9591110944747925
8077,Normal,0.9605518579483032
8078,Normal,0.960747241973877
8079,Normal,0.9618500471115112
8080,Normal,0.9618779420852661
8081,Normal,0.9608289003372192
8082,Normal,0.9606659412384033
8083,Normal,0.9596726298332214
8084,Normal,0.9610608220100403
8085,Normal,0.960840106010437
8086,Normal,0.960834264755249
8087,Normal,0.9602437615394592
8088,Normal,0.9613507390022278
8089,Normal,0.9607483744621277
8090,Normal,0.960040807723999
8091,Normal,0.9591777324676514
8092,Normal,0.9590089917182922
8093,Normal,0.9590759873390198
8094,Normal,0.9603723883628845
8095,Normal,0.9605210423469543
8096,Normal,0.9601606726646423
8097,Normal,0.960219144821167
8098,Normal,0.9615210890769958
8099,Normal,0.9610145688056946
8100,Normal,0.9609491229057312
8101,Normal,0.9631171822547913
8102,Normal,0.9604228734970093
8103,Normal,0.9609565734863281
8104,Normal,0.9603951573371887
8105,Normal,0.9606769680976868
8106,Normal,0.9604779481887817
8107,Normal,0.9604965448379517
8108,Normal,0.9592385292053223
8109,Normal,0.9595723152160645
8110,Normal,0.959568440914154
8111,Normal,0.9589827656745911
8112,Normal,0.9591222405433655
8113,Normal,0.960267186164856
8114,Normal,0.9610745906829834
8115,Normal,0.9601253867149353
8116,Normal,0.9603701829910278
8117,Normal,0.9614539742469788
8118,Normal,0.9610908031463623
8119,Normal,0.9610968232154846
8120,Normal,0.9614753723144531
8121,Normal,0.9613281488418579
8122,Normal,0.9599593877792358
8123,Normal,0.9599891304969788
8124,Normal,0.9608364105224609
8125,Normal,0.9603333473205566
8126,Normal,0.9598777890205383
8127,Normal,0.9595990777015686
8128,Normal,0.9590186476707458
8129,Normal,0.9591110944747925
8130,Normal,0.9605518579483032
8131,Normal,0.960747241973877
8132,Normal,0.9618500471115112
8133,Normal,0.9618779420852661
8134,Normal,0.9608289003372192
8135,Normal,0.9606659412384033
8136,Normal,0.9596726298332214
8137,Normal,0.9610609412193298
8138,Normal,0.960840106010437
8139,Normal,0.960834264755249
8140,Normal,0.9602438807487488
8141,Normal,0.9613507390022278
8142,Normal,0.9607484340667725
8143,Normal,0.960040807723999
8144,Normal,0.9591777324676514
8145,Normal,0.9590089917182922
8146,Normal,0.9590759873390198
8147,Normal,0.9603723883628845
8148,Normal,0.9605210423469543
8149,Normal,0.9601606726646423
8150,Normal,0.9602192640304565
8151,Normal,0.9615210890769958
8152,Normal,0.9610145688056946
8153,Normal,0.960949182510376
8154,Normal,0.9631171822547913
8155,Normal,0.9604228734970093
8156,Normal,0.9609565734863281
8157,Normal,0.9603951573371887
8158,Normal,0.9606769680976868
8159,Normal,0.9604779481887817
8160,Normal,0.9604965448379517
8161,Normal,0.9592385292053223
8162,Normal,0.9595723152160645
8163,Normal,0.959568440914154
8164,Normal,0.9589827656745911
8165,Normal,0.9591222405433655
8166,Normal,0.960267186164856
8167,Normal,0.9610745906829834
8168,Normal,0.9601253867149353
8169,Normal,0.9603703022003174
8170,Normal,0.9614539742469788
8171,Normal,0.9610908031463623
8172,Normal,0.9610968232154846
8173,Normal,0.9614753723144531
8174,Normal,0.9613281488418579
8175,Normal,0.9599593877792358
8176,Normal,0.9599891304969788
8177,Normal,0.9608364105224609
8178,Normal,0.9603333473205566
8179,Normal,0.9598777890205383
8180,Normal,0.9595990777015686
8181,Normal,0.9590186476707458
8182,Normal,0.9591110944747925
8183,Normal,0.9605517387390137
8184,Normal,0.9607473611831665
8185,Normal,0.9618500471115112
8186,Normal,0.9618779420852661
8187,Normal,0.9608289003372192
8188,Normal,0.9606659412384033
8189,Normal,0.9596726298332214
8190,Normal,0.9610609412193298
8191,Normal,0.960840106010437
8192,Normal,0.960834264755249
8193,Normal,0.9602437615394592
8194,Normal,0.9613507390022278
8195,Normal,0.9607484340667725
8196,Normal,0.960040807723999
8197,Normal,0.9591777324676514
8198,Normal,0.9590089917182922
8199,Normal,0.9590758681297302
8200,Normal,0.9603723883628845
8201,Normal,0.9605211615562439
8202,Normal,0.9601606726646423
8203,Normal,0.9602192640304565
8204,Normal,0.9615210890769958
8205,Normal,0.9610145688056946
8206,Normal,0.9609493017196655
8207,Normal,0.9631171822547913
8208,Normal,0.9604228734970093
8209,Normal,0.9609565734863281
8210,Normal,0.9603951573371887
8211,Normal,0.9606769680976868
8212,Normal,0.9604779481887817
8213,Normal,0.9604965448379517
8214,Normal,0.9592385292053223
8215,Normal,0.9595723152160645
8216,Normal,0.959568440914154
8217,Normal,0.9589827656745911
8218,Normal,0.9591222405433655
8219,Normal,0.9602670669555664
8220,Normal,0.961074709892273
8221,Normal,0.9601253867149353
8222,Normal,0.9603703022003174
8223,Normal,0.9614539742469788
8224,Normal,0.9610908031463623
8225,Normal,0.9610967636108398
8226,Normal,0.9614753723144531
8227,Normal,0.9613281488418579
8228,Normal,0.9599592685699463
8229,Normal,0.9599891304969788
8230,Normal,0.9608364105224609
8231,Normal,0.9603333473205566
8232,Normal,0.9598777890205383
8233,Normal,0.9595990777015686
8234,Normal,0.9590186476707458
8235,Normal,0.9591110944747925
8236,Normal,0.9605516195297241
8237,Normal,0.9607473611831665
8238,Normal,0.9618499279022217
8239,Normal,0.9618780612945557
8240,Normal,0.9608289003372192
8241,Normal,0.9606659412384033
8242,Normal,0.9596726298332214
8243,Normal,0.9610608220100403
8244,Normal,0.960840106010437
8245,Normal,0.960834264755249
8246,Normal,0.9602438807487488
8247,Normal,0.9613507390022278
8248,Normal,0.9607484340667725
8249,Normal,0.9600406885147095
8250,Normal,0.9591777324676514
8251,Normal,0.9590089917182922
8252,Normal,0.9590758681297302
8253,Normal,0.960372269153595
8254,Normal,0.9605211615562439
8255,Normal,0.9601606726646423
8256,Normal,0.9602192640304565
8257,Normal,0.9615210890769958
8258,Normal,0.9610145688056946
8259,Normal,0.9609493017196655
8260,Normal,0.9631173014640808
8261,Normal,0.9604228734970093
8262,Normal,0.9609565734863281
8263,Normal,0.9603951573371887
8264,Normal,0.9606769680976868
8265,Normal,0.9604779481887817
8266,Normal,0.9604965448379517
8267,Normal,0.9592385292053223
8268,Normal,0.9595723152160645
8269,Normal,0.959568440914154
8270,Normal,0.9589827656745911
8271,Normal,0.9591222405433655
8272,Normal,0.9602669477462769
8273,Normal,0.961074709892273
8274,Normal,0.9601253867149353
8275,Normal,0.9603703022003174
8276,Normal,0.9614539742469788
8277,Normal,0.9610908031463623
8278,Normal,0.9610967636108398
8279,Normal,0.9614753723144531
8280,Normal,0.9613281488418579
8281,Normal,0.9599592685699463
8282,Normal,0.9599891304969788
8283,Normal,0.9608362913131714
8284,Normal,0.9603333473205566
8285,Normal,0.9598775506019592
8286,Normal,0.9595990777015686
8287,Normal,0.9590186476707458
8288,Normal,0.9591110944747925
8289,Normal,0.9605516195297241
8290,Normal,0.9607473611831665
8291,Normal,0.9618499279022217
8292,Normal,0.9618779420852661
8293,Normal,0.9608289003372192
8294,Normal,0.9606659412384033
8295,Normal,0.9596726298332214
8296,Normal,0.9610608220100403
8297,Normal,0.9608400464057922
8298,Normal,0.960834264755249
8299,Normal,0.9602438807487488
8300,Normal,0.9613507390022278
8301,Normal,0.9607484340667725
8302,Normal,0.9600406885147095
8303,Normal,0.9591777324676514
8304,Normal,0.9590088725090027
8305,Normal,0.9590758681297302
8306,Normal,0.960372269153595
8307,Normal,0.9605211615562439
8308,Normal,0.9601606726646423
8309,Normal,0.9602192640304565
8310,Normal,0.9615210890769958
8311,Normal,0.9610145688056946
8312,Normal,0.9609493017196655
8313,Normal,0.9631173014640808
8314,Normal,0.9604228734970093
8315,Normal,0.9609565734863281
8316,Normal,0.9603951573371887
8317,Normal,0.9606769680976868
8318,Normal,0.9604778289794922
8319,Normal,0.9604965448379517
8320,Normal,0.9592385292053223
8321,Normal,0.9595723152160645
8322,Normal,0.959568440914154
8323,Normal,0.9589827656745911
8324,Normal,0.9591222405433655
8325,Normal,0.9602669477462769
8326,Normal,0.961074709892273
8327,Normal,0.9601253867149353
8328,Normal,0.9603703022003174
8329,Normal,0.9614539742469788
8330,Normal,0.9610908031463623
8331,Normal,0.9610967636108398
8332,Normal,0.9614753723144531
8333,Normal,0.9613281488418579
8334,Normal,0.9599592685699463
8335,Normal,0.9599891304969788
8336,Normal,0.9608362913131714
8337,Normal,0.9603333473205566
8338,Normal,0.9598775506019592
8339,Normal,0.9595990777015686
8340,Normal,0.9590186476707458
8341,Normal,0.9591110944747925
8342,Normal,0.9605516195297241
8343,Normal,0.9607473611831665
8344,Normal,0.9618499279022217
8345,Normal,0.9618778824806213
8346,Normal,0.9608289003372192
8347,Normal,0.9606658220291138
8348,Normal,0.9596726298332214
8349,Normal,0.9610608220100403
8350,Normal,0.9608400464057922
8351,Normal,0.960834264755249
8352,Normal,0.9602438807487488
8353,Normal,0.9613507390022278
8354,Normal,0.9607484340667725
8355,Normal,0.9600406885147095
8356,Normal,0.9591777324676514
8357,Normal,0.9590088725090027
8358,Normal,0.9590758681297302
8359,Normal,0.960372269153595
8360,Normal,0.9605211615562439
8361,Normal,0.9601606726646423
8362,Normal,0.9602192640304565
8363,Normal,0.9615209698677063
8364,Normal,0.9610145688056946
8365,Normal,0.9609491229057312
8366,Normal,0.9631173014640808
8367,Normal,0.9604228734970093
8368,Normal,0.9609565734863281
8369,Normal,0.9603951573371887
8370,Normal,0.9606769680976868
8371,Normal,0.9604778289794922
8372,Normal,0.9604965448379517
8373,Normal,0.9592385292053223
8374,Normal,0.9595720767974854
8375,Normal,0.959568440914154
8376,Normal,0.9589827656745911
8377,Normal,0.9591222405433655
8378,Normal,0.9602669477462769
8379,Normal,0.9610748291015625
8380,Normal,0.9601253867149353
8381,Normal,0.9603703022003174
8382,Normal,0.9614538550376892
8383,Normal,0.9610908031463623
8384,Normal,0.9610967636108398
8385,Normal,0.9614753723144531
8386,Normal,0.9613281488418579
8387,Normal,0.9599592685699463
8388,Normal,0.959989070892334
8389,Normal,0.9608362913131714
8390,Normal,0.9603333473205566
8391,Normal,0.9598775506019592
8392,Normal,0.959598958492279
8393,Normal,0.9590186476707458
8394,Normal,0.9591109752655029
8395,Normal,0.9605516195297241
8396,Normal,0.9607473611831665
8397,Normal,0.9618499279022217
8398,Normal,0.9618778824806213
8399,Normal,0.9608289003372192
8400,Normal,0.9606658220291138
8401,Normal,0.9596726298332214
8402,Normal,0.9610608220100403
8403,Normal,0.9608400464057922
8404,Normal,0.9608342051506042
8405,Normal,0.9602438807487488
8406,Normal,0.9613507390022278
8407,Normal,0.9607484340667725
8408,Normal,0.9600406885147095
8409,Normal,0.9591777324676514
8410,Normal,0.9590088725090027
8411,Normal,0.9590757489204407
8412,Normal,0.960372269153595
8413,Normal,0.9605212807655334
8414,Normal,0.9601606726646423
8415,Normal,0.9602192640304565
8416,Normal,0.9615209698677063
8417,Normal,0.9610145688056946
8418,Normal,0.9609491229057312
8419,Normal,0.9631173014640808
8420,Normal,0.9604228734970093
8421,Normal,0.9609565734863281
8422,Normal,0.9603950381278992
8423,Normal,0.9606769680976868
8424,Normal,0.9604778289794922
8425,Normal,0.9604965448379517
8426,Normal,0.9592385292053223
8427,Normal,0.9595720767974854
8428,Normal,0.959568440914154
8429,Normal,0.9589827656745911
8430,Normal,0.9591222405433655
8431,Normal,0.9602669477462769
8432,Normal,0.9610748291015625
8433,Normal,0.9601253867149353
8434,Normal,0.9603703022003174
8435,Normal,0.9614538550376892
8436,Normal,0.9610908031463623
8437,Normal,0.9610967636108398
8438,Normal,0.9614753723144531
8439,Normal,0.9613281488418579
8440,Normal,0.9599592685699463
8441,Normal,0.959989070892334
8442,Normal,0.9608362913131714
8443,Normal,0.9603333473205566
8444,Normal,0.9598775506019592
8445,Normal,0.959598958492279
8446,Normal,0.9590186476707458
8447,Normal,0.9591108560562134
8448,Normal,0.9605516195297241
8449,Normal,0.9607473611831665
8450,Normal,0.9618499279022217
8451,Normal,0.9618778824806213
8452,Normal,0.9608290195465088
8453,Normal,0.9606658220291138
8454,Normal,0.9596726298332214
8455,Normal,0.9610607028007507
8456,Normal,0.9608400464057922
8457,Normal,0.9608340859413147
8458,Normal,0.9602435827255249
8459,Normal,0.9613507390022278
8460,Normal,0.960748553276062
8461,Normal,0.9600406885147095
8462,Normal,0.9591777324676514
8463,Normal,0.9590088725090027
8464,Normal,0.9590757489204407
8465,Normal,0.960372269153595
8466,Normal,0.9605212807655334
8467,Normal,0.9601606726646423
8468,Normal,0.9602193832397461
8469,Normal,0.9615209698677063
8470,Normal,0.9610145688056946
8471,Normal,0.9609491229057312
8472,Normal,0.9631173014640808
8473,Normal,0.9604228734970093
8474,Normal,0.9609565734863281
8475,Normal,0.9603950381278992
8476,Normal,0.9606768488883972
8477,Normal,0.9604778289794922
8478,Normal,0.9604965448379517
8479,Normal,0.9592385292053223
8480,Normal,0.9595720767974854
8481,Normal,0.959568440914154
8482,Normal,0.9589827656745911
8483,Normal,0.9591222405433655
8484,Normal,0.9602669477462769
8485,Normal,0.9610748291015625
8486,Normal,0.9601253867149353
8487,Normal,0.9603703022003174
8488,Normal,0.9614538550376892
8489,Normal,0.9610908031463623
8490,Normal,0.9610967636108398
8491,Normal,0.9614752531051636
8492,Normal,0.9613281488418579
8493,Normal,0.9599592685699463
8494,Normal,0.959989070892334
8495,Normal,0.9608362913131714
8496,Normal,0.9603333473205566
8497,Normal,0.9598775506019592
8498,Normal,0.959598958492279
8499,Normal,0.9590186476707458
8500,Normal,0.9591108560562134
8501,Normal,0.9605515599250793
8502,Normal,0.960747480392456
8503,Normal,0.9618499279022217
8504,Normal,0.9618778824806213
8505,Normal,0.9608287811279297
8506,Normal,0.9606658220291138
8507,Normal,0.9596725106239319
8508,Normal,0.9610607028007507
8509,Normal,0.960840106010437
8510,Normal,0.9608340859413147
8511,Normal,0.9602438807487488
8512,Normal,0.9613507390022278
8513,Normal,0.960748553276062
8514,Normal,0.9600406885147095
8515,Normal,0.9591777324676514
8516,Normal,0.9590088725090027
8517,Normal,0.9590757489204407
8518,Normal,0.9603721499443054
8519,Normal,0.9605212807655334
8520,Normal,0.9601606726646423
8521,Normal,0.9602193832397461
8522,Normal,0.9615209698677063
8523,Normal,0.9610145688056946
8524,Normal,0.9609491229057312
8525,Normal,0.9631173610687256
8526,Normal,0.9604228734970093
8527,Normal,0.9609565734863281
8528,Normal,0.9603950381278992
8529,Normal,0.9606768488883972
8530,Normal,0.9604778289794922
8531,Normal,0.9604965448379517
8532,Normal,0.9592385292053223
8533,Normal,0.9595720767974854
8534,Normal,0.959568440914154
8535,Normal,0.9589827060699463
8536,Normal,0.9591222405433655
8537,Normal,0.9602669477462769
8538,Normal,0.9610748291015625
8539,Normal,0.9601253867149353
8540,Normal,0.9603703022003174
8541,Normal,0.9614538550376892
8542,Normal,0.9610908031463623
8543,Normal,0.9610967636108398
8544,Normal,0.9614752531051636
8545,Normal,0.9613281488418579
8546,Normal,0.9599592685699463
8547,Normal,0.959989070892334
8548,Normal,0.9608362913131714
8549,Normal,0.9603333473205566
8550,Normal,0.9598775506019592
8551,Normal,0.959598958492279
8552,Normal,0.9590186476707458
8553,Normal,0.9591108560562134
8554,Normal,0.9605515599250793
8555,Normal,0.960747480392456
8556,Normal,0.9618499279022217
8557,Normal,0.9618778824806213
8558,Normal,0.9608290195465088
8559,Normal,0.9606658220291138
8560,Normal,0.9596725106239319
8561,Normal,0.9610607028007507
8562,Normal,0.960840106010437
8563,Normal,0.9608340859413147
8564,Normal,0.9602436423301697
8565,Normal,0.9613507390022278
8566,Normal,0.960748553276062
8567,Normal,0.9600406885147095
8568,Normal,0.9591776728630066
8569,Normal,0.9590088725090027
8570,Normal,0.9590757489204407
8571,Normal,0.9603721499443054
8572,Normal,0.9605212807655334
8573,Normal,0.9601606726646423
8574,Normal,0.9602193832397461
8575,Normal,0.9615209698677063
8576,Normal,0.9610145092010498
8577,Normal,0.960949182510376
8578,Normal,0.9631173610687256
8579,Normal,0.9604228734970093
8580,Normal,0.9609565734863281
8581,Normal,0.9603950381278992
8582,Normal,0.9606767296791077
8583,Normal,0.9604778289794922
8584,Normal,0.9604965448379517
8585,Normal,0.9592384099960327
8586,Normal,0.9595719575881958
8587,Normal,0.959568440914154
8588,Normal,0.9589827060699463
8589,Normal,0.9591222405433655
8590,Normal,0.9602669477462769
8591,Normal,0.961074709892273
8592,Normal,0.9601253867149353
8593,Normal,0.9603703022003174
8594,Normal,0.9614538550376892
8595,Normal,0.9610908031463623
8596,Normal,0.9610967636108398
8597,Normal,0.9614752531051636
8598,Normal,0.9613280296325684
8599,Normal,0.9599592685699463
8600,Normal,0.959989070892334
8601,Normal,0.9608360528945923
8602,Normal,0.9603333473205566
8603,Normal,0.9598775506019592
8604,Normal,0.959598958492279
8605,Normal,0.9590186476707458
8606,Normal,0.9591108560562134
8607,Normal,0.9605514407157898
8608,Normal,0.960747480392456
8609,Normal,0.9618499279022217
8610,Normal,0.9618778824806213
8611,Normal,0.9608290195465088
8612,Normal,0.9606659412384033
8613,Normal,0.9596725106239319
8614,Normal,0.9610607028007507
8615,Normal,0.960840106010437
8616,Normal,0.9608340859413147
8617,Normal,0.9602436423301697
8618,Normal,0.9613507390022278
8619,Normal,0.960748553276062
8620,Normal,0.9600406885147095
8621,Normal,0.9591776728630066
8622,Normal,0.9590088725090027
8623,Normal,0.9590757489204407
8624,Normal,0.9603721499443054
8625,Normal,0.9605212807655334
8626,Normal,0.9601606726646423
8627,Normal,0.9602193832397461
8628,Normal,0.9615209698677063
8629,Normal,0.9610143899917603
8630,Normal,0.960949182510376
8631,Normal,0.9631173610687256
8632,Normal,0.9604229927062988
8633,Normal,0.9609565734863281
8634,Normal,0.9603950381278992
8635,Normal,0.9606767296791077
8636,Normal,0.9604777693748474
8637,Normal,0.9604965448379517
8638,Normal,0.9592382907867432
8639,Normal,0.9595719575881958
8640,Normal,0.959568440914154
8641,Normal,0.9589825868606567
8642,Normal,0.9591222405433655
8643,Normal,0.9602667689323425
8644,Normal,0.9610748291015625
8645,Normal,0.9601253867149353
8646,Normal,0.9603704214096069
8647,Normal,0.9614538550376892
8648,Normal,0.9610908031463623
8649,Normal,0.9610967636108398
8650,Normal,0.9614752531051636
8651,Normal,0.9613281488418579
8652,Normal,0.9599592685699463
8653,Normal,0.959989070892334
8654,Normal,0.9608360528945923
8655,Normal,0.9603333473205566
8656,Normal,0.9598775506019592
8657,Normal,0.959598958492279
8658,Normal,0.9590186476707458
8659,Normal,0.9591108560562134
8660,Normal,0.9605514407157898
8661,Normal,0.9607475996017456
8662,Normal,0.9618499279022217
8663,Normal,0.9618779420852661
8664,Normal,0.9608290195465088
8665,Normal,0.9606659412384033
8666,Normal,0.9596725106239319
8667,Normal,0.9610607028007507
8668,Normal,0.9608400464057922
8669,Normal,0.9608340859413147
8670,Normal,0.9602436423301697
8671,Normal,0.9613507390022278
8672,Normal,0.960748553276062
8673,Normal,0.9600406885147095
8674,Normal,0.9591776728630066
8675,Normal,0.9590087532997131
8676,Normal,0.9590757489204407
8677,Normal,0.9603721499443054
8678,Normal,0.9605212807655334
8679,Normal,0.9601606726646423
8680,Normal,0.9602193832397461
8681,Normal,0.9615209698677063
8682,Normal,0.9610143899917603
8683,Normal,0.960949182510376
8684,Normal,0.9631173610687256
8685,Normal,0.9604229927062988
8686,Normal,0.9609565734863281
8687,Normal,0.9603950381278992
8688,Normal,0.9606767296791077
8689,Normal,0.9604778289794922
8690,Normal,0.9604965448379517
8691,Normal,0.9592382907867432
8692,Normal,0.9595719575881958
8693,Normal,0.959568440914154
8694,Normal,0.9589825868606567
8695,Normal,0.9591221809387207
8696,Normal,0.9602667689323425
8697,Normal,0.961074709892273
8698,Normal,0.9601253867149353
8699,Normal,0.9603704214096069
8700,Normal,0.9614538550376892
8701,Normal,0.9610908031463623
8702,Normal,0.9610967636108398
8703,Normal,0.961475133895874
8704,Normal,0.9613280296325684
8705,Normal,0.9599592685699463
8706,Normal,0.959989070892334
8707,Normal,0.9608360528945923
8708,Normal,0.9603333473205566
8709,Normal,0.9598774313926697
8710,Normal,0.959598958492279
8711,Normal,0.9590186476707458
8712,Normal,0.9591108560562134
8713,Normal,0.9605513215065002
8714,Normal,0.9607475996017456
8715,Normal,0.9618498682975769
8716,Normal,0.9618779420852661
8717,Normal,0.9608289003372192
8718,Normal,0.9606659412384033
8719,Normal,0.9596725106239319
8720,Normal,0.9610607028007507
8721,Normal,0.9608399271965027
8722,Normal,0.9608340859413147
8723,Normal,0.9602436423301697
8724,Normal,0.9613507390022278
8725,Normal,0.960748553276062
8726,Normal,0.9600406885147095
8727,Normal,0.9591776728630066
8728,Normal,0.9590087532997131
8729,Normal,0.9590757489204407
8730,Normal,0.9603721499443054
8731,Normal,0.960521399974823
8732,Normal,0.9601606726646423
8733,Normal,0.9602193832397461
8734,Normal,0.9615208506584167
8735,Normal,0.9610143899917603
8736,Normal,0.9609493017196655
8737,Normal,0.9631173610687256
8738,Normal,0.9604229927062988
8739,Normal,0.9609564542770386
8740,Normal,0.9603950381278992
8741,Normal,0.9606767296791077
8742,Normal,0.9604778289794922
8743,Normal,0.9604965448379517
8744,Normal,0.9592382907867432
8745,Normal,0.9595719575881958
8746,Normal,0.959568440914154
8747,Normal,0.9589824676513672
8748,Normal,0.9591221809387207
8749,Normal,0.960266649723053
8750,Normal,0.9610748291015625
8751,Normal,0.9601253867149353
8752,Normal,0.9603704214096069
8753,Normal,0.9614538550376892
8754,Normal,0.9610908031463623
8755,Normal,0.9610967636108398
8756,Normal,0.961475133895874
8757,Normal,0.9613280296325684
8758,Normal,0.9599592685699463
8759,Normal,0.959989070892334
8760,Normal,0.9608360528945923
8761,Normal,0.9603333473205566
8762,Normal,0.9598773121833801
8763,Normal,0.959598958492279
8764,Normal,0.9590185284614563
8765,Normal,0.9591107368469238
8766,Normal,0.9605512022972107
8767,Normal,0.9607475996017456
8768,Normal,0.9618498682975769
8769,Normal,0.9618778824806213
8770,Normal,0.9608290195465088
8771,Normal,0.9606659412384033
8772,Normal,0.9596725106239319
8773,Normal,0.9610607028007507
8774,Normal,0.9608399271965027
8775,Normal,0.9608340859413147
8776,Normal,0.9602436423301697
8777,Normal,0.9613506197929382
8778,Normal,0.960748553276062
8779,Normal,0.9600406885147095
8780,Normal,0.9591776728630066
8781,Normal,0.9590086936950684
8782,Normal,0.9590755701065063
8783,Normal,0.9603718519210815
8784,Normal,0.960521399974823
8785,Normal,0.9601606726646423
8786,Normal,0.9602193832397461
8787,Normal,0.9615209698677063
8788,Normal,0.9610143899917603
8789,Normal,0.9609493017196655
8790,Normal,0.9631173610687256
8791,Normal,0.9604229927062988
8792,Normal,0.9609564542770386
8793,Normal,0.9603950381278992
8794,Normal,0.9606767296791077
8795,Normal,0.9604777693748474
8796,Normal,0.9604965448379517
8797,Normal,0.9592382907867432
8798,Normal,0.9595719575881958
8799,Normal,0.959568440914154
8800,Normal,0.9589824676513672
8801,Normal,0.9591221809387207
8802,Normal,0.960266649723053
8803,Normal,0.9610748291015625
8804,Normal,0.9601253867149353
8805,Normal,0.9603704214096069
8806,Normal,0.9614538550376892
8807,Normal,0.9610908031463623
8808,Normal,0.9610967636108398
8809,Normal,0.961475133895874
8810,Normal,0.9613279104232788
8811,Normal,0.9599592685699463
8812,Normal,0.959989070892334
8813,Normal,0.9608360528945923
8814,Normal,0.9603333473205566
8815,Normal,0.9598773121833801
8816,Normal,0.959598958492279
8817,Normal,0.9590182900428772
8818,Normal,0.9591108560562134
8819,Normal,0.9605512022972107
8820,Normal,0.9607476592063904
8821,Normal,0.9618498682975769
8822,Normal,0.9618779420852661
8823,Normal,0.9608289003372192
8824,Normal,0.9606659412384033
8825,Normal,0.9596725106239319
8826,Normal,0.9610607028007507
8827,Normal,0.9608399271965027
8828,Normal,0.9608340859413147
8829,Normal,0.9602436423301697
8830,Normal,0.9613506197929382
8831,Normal,0.960748553276062
8832,Normal,0.9600406885147095
8833,Normal,0.9591776728630066
8834,Normal,0.9590086936950684
8835,Normal,0.9590755701065063
8836,Normal,0.9603718519210815
8837,Normal,0.960521399974823
8838,Normal,0.9601606726646423
8839,Normal,0.9602193832397461
8840,Normal,0.9615209698677063
8841,Normal,0.9610143899917603
8842,Normal,0.9609493017196655
8843,Normal,0.9631173610687256
8844,Normal,0.9604231119155884
8845,Normal,0.9609564542770386
8846,Normal,0.9603950381278992
8847,Normal,0.9606767296791077
8848,Normal,0.9604777693748474
8849,Normal,0.9604965448379517
8850,Normal,0.9592382907867432
8851,Normal,0.9595719575881958
8852,Normal,0.959568440914154
8853,Normal,0.9589824676513672
8854,Normal,0.9591221809387207
8855,Normal,0.960266649723053
8856,Normal,0.9610748291015625
8857,Normal,0.9601255059242249
8858,Normal,0.9603704214096069
8859,Normal,0.9614538550376892
8860,Normal,0.9610906839370728
8861,Normal,0.9610967636108398
8862,Normal,0.961475133895874
8863,Normal,0.9613279104232788
8864,Normal,0.9599592685699463
8865,Normal,0.959989070892334
8866,Normal,0.9608360528945923
8867,Normal,0.9603333473205566
8868,Normal,0.9598773121833801
8869,Normal,0.959598958492279
8870,Normal,0.9590184092521667
8871,Normal,0.9591108560562134
8872,Normal,0.9605512022972107
8873,Normal,0.9607476592063904
8874,Normal,0.9618497490882874
8875,Normal,0.9618779420852661
8876,Normal,0.9608289003372192
8877,Normal,0.9606659412384033
8878,Normal,0.9596725106239319
8879,Normal,0.9610607028007507
8880,Normal,0.9608399271965027
8881,Normal,0.9608340859413147
8882,Normal,0.9602436423301697
8883,Normal,0.9613506197929382
8884,Normal,0.960748553276062
8885,Normal,0.9600405693054199
8886,Normal,0.9591776728630066
8887,Normal,0.9590086936950684
8888,Normal,0.9590755701065063
8889,Normal,0.9603718519210815
8890,Normal,0.960521399974823
8891,Normal,0.9601607918739319
8892,Normal,0.9602193832397461
8893,Normal,0.9615209698677063
8894,Normal,0.9610143899917603
8895,Normal,0.9609493017196655
8896,Normal,0.9631173610687256
8897,Normal,0.9604229927062988
8898,Normal,0.9609564542770386
8899,Normal,0.9603950381278992
8900,Normal,0.9606767296791077
8901,Normal,0.9604777693748474
8902,Normal,0.9604965448379517
8903,Normal,0.9592382907867432
8904,Normal,0.959571897983551
8905,Normal,0.959568440914154
8906,Normal,0.9589824676513672
8907,Normal,0.9591220617294312
8908,Normal,0.960266649723053
8909,Normal,0.9610748291015625
8910,Normal,0.9601255059242249
8911,Normal,0.9603704214096069
8912,Normal,0.9614538550376892
8913,Normal,0.9610906839370728
8914,Normal,0.9610967636108398
8915,Normal,0.961475133895874
8916,Normal,0.9613279104232788
8917,Normal,0.9599591493606567
8918,Normal,0.959989070892334
8919,Normal,0.9608360528945923
8920,Normal,0.9603332281112671
8921,Normal,0.9598773121833801
8922,Normal,0.959598958492279
8923,Normal,0.9590182900428772
8924,Normal,0.9591107368469238
8925,Normal,0.9605512022972107
8926,Normal,0.9607476592063904
8927,Normal,0.9618497490882874
8928,Normal,0.9618778824806213
8929,Normal,0.9608289003372192
8930,Normal,0.9606659412384033
8931,Normal,0.9596725106239319
8932,Normal,0.9610607028007507
8933,Normal,0.9608399271965027
8934,Normal,0.9608340859413147
8935,Normal,0.9602436423301697
8936,Normal,0.9613506197929382
8937,Normal,0.960748553276062
8938,Normal,0.9600405693054199
8939,Normal,0.9591776728630066
8940,Normal,0.9590086936950684
8941,Normal,0.9590755701065063
8942,Normal,0.9603718519210815
8943,Normal,0.960521399974823
8944,Normal,0.9601607918739319
8945,Normal,0.9602193832397461
8946,Normal,0.9615208506584167
8947,Normal,0.9610143899917603
8948,Normal,0.9609493017196655
8949,Normal,0.9631173610687256
8950,Normal,0.9604231119155884
8951,Normal,0.9609564542770386
8952,Normal,0.9603950381278992
8953,Normal,0.9606767296791077
8954,Normal,0.9604777693748474
8955,Normal,0.9604965448379517
8956,Normal,0.9592382907867432
8957,Normal,0.959571897983551
8958,Normal,0.959568440914154
8959,Normal,0.9589824676513672
8960,Normal,0.9591220617294312
8961,Normal,0.960266649723053
8962,Normal,0.9610748291015625
8963,Normal,0.9601255059242249
8964,Normal,0.9603704214096069
8965,Normal,0.9614538550376892
8966,Normal,0.9610906839370728
8967,Normal,0.9610967636108398
8968,Normal,0.961475133895874
8969,Normal,0.9613279104232788
8970,Normal,0.9599591493606567
8971,Normal,0.959989070892334
8972,Normal,0.9608360528945923
8973,Normal,0.9603332281112671
8974,Normal,0.9598773121833801
8975,Normal,0.959598958492279
8976,Normal,0.9590182900428772
8977,Normal,0.9591107368469238
8978,Normal,0.9605512022972107
8979,Normal,0.9607476592063904
8980,Normal,0.9618497490882874
8981,Normal,0.9618778824806213
8982,Normal,0.9608289003372192
8983,Normal,0.9606659412384033
8984,Normal,0.9596725106239319
8985,Normal,0.9610607028007507
8986,Normal,0.9608399271965027
8987,Normal,0.9608340859413147
8988,Normal,0.9602436423301697
8989,Normal,0.9613506197929382
8990,Normal,0.960748553276062
8991,Normal,0.9600404500961304
8992,Normal,0.9591776728630066
8993,Normal,0.9590086936950684
8994,Normal,0.9590755701065063
8995,Normal,0.9603718519210815
8996,Normal,0.960521399974823
8997,Normal,0.9601607918739319
8998,Normal,0.9602193832397461
8999,Normal,0.9615209698677063
9000,Normal,0.9610143899917603
9001,Normal,0.9609493017196655
9002,Normal,0.9631173610687256
9003,Normal,0.9604229927062988
9004,Normal,0.9609564542770386
9005,Normal,0.9603950381278992
9006,Normal,0.9606767296791077
9007,Normal,0.9604777693748474
9008,Normal,0.9604965448379517
9009,Normal,0.9592382907867432
9010,Normal,0.959571897983551
9011,Normal,0.959568440914154
9012,Normal,0.9589824676513672
9013,Normal,0.9591220617294312
9014,Normal,0.9602665305137634
9015,Normal,0.9610748291015625
9016,Normal,0.9601255059242249
9017,Normal,0.9603704214096069
9018,Normal,0.9614538550376892
9019,Normal,0.9610906839370728
9020,Normal,0.9610967636108398
9021,Normal,0.961475133895874
9022,Normal,0.9613279104232788
9023,Normal,0.9599591493606567
9024,Normal,0.9599889516830444
9025,Normal,0.9608360528945923
9026,Normal,0.9603332281112671
9027,Normal,0.9598773121833801
9028,Normal,0.959598958492279
9029,Normal,0.9590182900428772
9030,Normal,0.9591107368469238
9031,Normal,0.9605512022972107
9032,Normal,0.9607476592063904
9033,Normal,0.9618497490882874
9034,Normal,0.9618778824806213
9035,Normal,0.9608289003372192
9036,Normal,0.9606659412384033
9037,Normal,0.9596725106239319
9038,Normal,0.9610607028007507
9039,Normal,0.9608399271965027
9040,Normal,0.9608340859413147
9041,Normal,0.9602436423301697
9042,Normal,0.9613506197929382
9043,Normal,0.960748553276062
9044,Normal,0.9600404500961304
9045,Normal,0.9591776728630066
9046,Normal,0.9590086936950684
9047,Normal,0.9590755701065063
9048,Normal,0.9603718519210815
9049,Normal,0.9605215191841125
9050,Normal,0.9601607918739319
9051,Normal,0.9602195024490356
9052,Normal,0.9615208506584167
9053,Normal,0.9610143899917603
9054,Normal,0.9609493017196655
9055,Normal,0.9631174802780151
9056,Normal,0.9604231119155884
9057,Normal,0.9609564542770386
9058,Normal,0.9603950381278992
9059,Normal,0.9606767296791077
9060,Normal,0.9604777693748474
9061,Normal,0.9604965448379517
9062,Normal,0.9592382907867432
9063,Normal,0.959571897983551
9064,Normal,0.959568440914154
9065,Normal,0.9589824676513672
9066,Normal,0.9591220617294312
9067,Normal,0.9602665305137634
9068,Normal,0.961074948310852
9069,Normal,0.9601255059242249
9070,Normal,0.9603704214096069
9071,Normal,0.9614538550376892
9072,Normal,0.9610906839370728
9073,Normal,0.9610967636108398
9074,Normal,0.961475133895874
9075,Normal,0.9613277912139893
9076,Normal,0.9599591493606567
9077,Normal,0.9599888324737549
9078,Normal,0.9608359336853027
9079,Normal,0.9603332281112671
9080,Normal,0.9598773121833801
9081,Normal,0.959598958492279
9082,Normal,0.9590182900428772
9083,Normal,0.9591107368469238
9084,Normal,0.9605510830879211
9085,Normal,0.9607476592063904
9086,Normal,0.9618497490882874
9087,Normal,0.9618779420852661
9088,Normal,0.9608289003372192
9089,Normal,0.9606659412384033
9090,Normal,0.9596725106239319
9091,Normal,0.9610607028007507
9092,Normal,0.9608399271965027
9093,Normal,0.9608340859413147
9094,Normal,0.9602436423301697
9095,Normal,0.9613506197929382
9096,Normal,0.960748553276062
9097,Normal,0.9600404500961304
9098,Normal,0.959177553653717
9099,Normal,0.9590086936950684
9100,Normal,0.9590755701065063
9101,Normal,0.9603718519210815
9102,Normal,0.9605215191841125
9103,Normal,0.9601607918739319
9104,Normal,0.9602195024490356
9105,Normal,0.9615208506584167
9106,Normal,0.9610143899917603
9107,Normal,0.9609493017196655
9108,Normal,0.9631174802780151
9109,Normal,0.9604231119155884
9110,Normal,0.9609564542770386
9111,Normal,0.9603950381278992
9112,Normal,0.9606767296791077
9113,Normal,0.9604777693748474
9114,Normal,0.9604965448379517
9115,Normal,0.9592382907867432
9116,Normal,0.959571897983551
9117,Normal,0.959568440914154
9118,Normal,0.9589824676513672
9119,Normal,0.9591220617294312
9120,Normal,0.9602665305137634
9121,Normal,0.9610748291015625
9122,Normal,0.9601255059242249
9123,Normal,0.9603704214096069
9124,Normal,0.9614538550376892
9125,Normal,0.9610906839370728
9126,Normal,0.9610967636108398
9127,Normal,0.961475133895874
9128,Normal,0.9613277912139893
9129,Normal,0.9599591493606567
9130,Normal,0.9599888324737549
9131,Normal,0.9608359336853027
9132,Normal,0.9603332281112671
9133,Normal,0.9598773121833801
9134,Normal,0.959598958492279
9135,Normal,0.9590182900428772
9136,Normal,0.9591107368469238
9137,Normal,0.9605509638786316
9138,Normal,0.9607476592063904
9139,Normal,0.9618497490882874
9140,Normal,0.9618778824806213
9141,Normal,0.9608289003372192
9142,Normal,0.9606659412384033
9143,Normal,0.9596725106239319
9144,Normal,0.9610607028007507
9145,Normal,0.9608399271965027
9146,Normal,0.9608340859413147
9147,Normal,0.9602436423301697
9148,Normal,0.9613506197929382
9149,Normal,0.960748553276062
9150,Normal,0.9600404500961304
9151,Normal,0.959177553653717
9152,Normal,0.9590086936950684
9153,Normal,0.9590755701065063
9154,Normal,0.9603718519210815
9155,Normal,0.9605215191841125
9156,Normal,0.9601607918739319
9157,Normal,0.9602195024490356
9158,Normal,0.9615208506584167
9159,Normal,0.9610143899917603
9160,Normal,0.9609493017196655
9161,Normal,0.9631174802780151
9162,Normal,0.9604231119155884
9163,Normal,0.9609564542770386
9164,Normal,0.9603949189186096
9165,Normal,0.9606767296791077
9166,Normal,0.9604777693748474
9167,Normal,0.9604965448379517
9168,Normal,0.9592382907867432
9169,Normal,0.959571897983551
9170,Normal,0.959568440914154
9171,Normal,0.9589824676513672
9172,Normal,0.9591220617294312
9173,Normal,0.9602665305137634
9174,Normal,0.961074948310852
9175,Normal,0.9601255059242249
9176,Normal,0.9603704214096069
9177,Normal,0.9614538550376892
9178,Normal,0.9610906839370728
9179,Normal,0.9610967636108398
9180,Normal,0.961475133895874
9181,Normal,0.9613277912139893
9182,Normal,0.9599591493606567
9183,Normal,0.9599888324737549
9184,Normal,0.9608359336853027
9185,Normal,0.9603332281112671
9186,Normal,0.9598773121833801
9187,Normal,0.959598958492279
9188,Normal,0.9590182900428772
9189,Normal,0.9591107368469238
9190,Normal,0.9605509042739868
9191,Normal,0.9607476592063904
9192,Normal,0.9618496298789978
9193,Normal,0.9618778824806213
9194,Normal,0.9608289003372192
9195,Normal,0.9606659412384033
9196,Normal,0.9596726298332214
9197,Normal,0.9610607028007507
9198,Normal,0.9608399271965027
9199,Normal,0.9608340859413147
9200,Normal,0.9602436423301697
9201,Normal,0.9613506197929382
9202,Normal,0.960748553276062
9203,Normal,0.9600404500961304
9204,Normal,0.959177553653717
9205,Normal,0.9590086936950684
9206,Normal,0.9590755701065063
9207,Normal,0.960371732711792
9208,Normal,0.9605215191841125
9209,Normal,0.9601607918739319
9210,Normal,0.9602195024490356
9211,Normal,0.9615208506584167
9212,Normal,0.9610143899917603
9213,Normal,0.9609493017196655
9214,Normal,0.9631174802780151
9215,Normal,0.9604231119155884
9216,Normal,0.960956335067749
9217,Normal,0.9603949189186096
9218,Normal,0.9606767296791077
9219,Normal,0.9604777693748474
9220,Normal,0.9604965448379517
9221,Normal,0.9592382907867432
9222,Normal,0.959571897983551
9223,Normal,0.959568440914154
9224,Normal,0.9589823484420776
9225,Normal,0.9591220617294312
9226,Normal,0.9602665305137634
9227,Normal,0.9610750675201416
9228,Normal,0.9601255059242249
9229,Normal,0.9603704214096069
9230,Normal,0.9614538550376892
9231,Normal,0.9610906839370728
9232,Normal,0.9610967636108398
9233,Normal,0.961475133895874
9234,Normal,0.9613277912139893
9235,Normal,0.9599591493606567
9236,Normal,0.9599888324737549
9237,Normal,0.9608359336853027
9238,Normal,0.9603332281112671
9239,Normal,0.9598773121833801
9240,Normal,0.959598958492279
9241,Normal,0.9590182900428772
9242,Normal,0.9591107368469238
9243,Normal,0.9605509042739868
9244,Normal,0.9607477784156799
9245,Normal,0.9618496298789978
9246,Normal,0.9618778824806213
9247,Normal,0.9608289003372192
9248,Normal,0.9606659412384033
9249,Normal,0.9596726298332214
9250,Normal,0.9610607028007507
9251,Normal,0.9608399271965027
9252,Normal,0.9608340859413147
9253,Normal,0.9602436423301697
9254,Normal,0.9613506197929382
9255,Normal,0.960748553276062
9256,Normal,0.9600403308868408
9257,Normal,0.959177553653717
9258,Normal,0.9590086936950684
9259,Normal,0.9590754508972168
9260,Normal,0.960371732711792
9261,Normal,0.9605216383934021
9262,Normal,0.9601607918739319
9263,Normal,0.9602195024490356
9264,Normal,0.9615208506584167
9265,Normal,0.9610143899917603
9266,Normal,0.9609493017196655
9267,Normal,0.9631174802780151
9268,Normal,0.9604231715202332
9269,Normal,0.9609564542770386
9270,Normal,0.9603949189186096
9271,Normal,0.9606766104698181
9272,Normal,0.9604776501655579
9273,Normal,0.9604964256286621
9274,Normal,0.9592382907867432
9275,Normal,0.959571897983551
9276,Normal,0.959568440914154
9277,Normal,0.9589823484420776
9278,Normal,0.9591220617294312
9279,Normal,0.9602662920951843
9280,Normal,0.9610750675201416
9281,Normal,0.9601255059242249
9282,Normal,0.9603704214096069
9283,Normal,0.9614538550376892
9284,Normal,0.9610906839370728
9285,Normal,0.9610968232154846
9286,Normal,0.961475133895874
9287,Normal,0.9613277912139893
9288,Normal,0.9599591493606567
9289,Normal,0.9599888324737549
9290,Normal,0.9608359336853027
9291,Normal,0.9603332281112671
9292,Normal,0.9598773121833801
9293,Normal,0.959598958492279
9294,Normal,0.9590182900428772
9295,Normal,0.9591107368469238
9296,Normal,0.9605509042739868
9297,Normal,0.9607477784156799
9298,Normal,0.9618496298789978
9299,Normal,0.9618778824806213
9300,Normal,0.9608289003372192
9301,Normal,0.9606659412384033
9302,Normal,0.9596726298332214
9303,Normal,0.9610607028007507
9304,Normal,0.9608399271965027
9305,Normal,0.9608340859413147
9306,Normal,0.9602436423301697
9307,Normal,0.9613506197929382
9308,Normal,0.960748553276062
9309,Normal,0.9600403308868408
9310,Normal,0.959177553653717
9311,Normal,0.9590086936950684
9312,Normal,0.9590754508972168
9313,Normal,0.960371732711792
9314,Normal,0.9605216383934021
9315,Normal,0.9601607918739319
9316,Normal,0.9602195024490356
9317,Normal,0.9615208506584167
9318,Normal,0.9610143899917603
9319,Normal,0.9609494209289551
9320,Normal,0.9631174802780151
9321,Normal,0.9604231715202332
9322,Normal,0.960956335067749
9323,Normal,0.9603949189186096
9324,Normal,0.9606766104698181
9325,Normal,0.9604776501655579
9326,Normal,0.9604964256286621
9327,Normal,0.9592381715774536
9328,Normal,0.959571897983551
9329,Normal,0.9595683813095093
9330,Normal,0.9589823484420776
9331,Normal,0.9591219425201416
9332,Normal,0.9602661728858948
9333,Normal,0.9610750675201416
9334,Normal,0.9601255059242249
9335,Normal,0.9603705406188965
9336,Normal,0.9614538550376892
9337,Normal,0.9610906839370728
9338,Normal,0.9610967636108398
9339,Normal,0.961475133895874
9340,Normal,0.9613277912139893
9341,Normal,0.9599591493606567
9342,Normal,0.9599888324737549
9343,Normal,0.9608359336853027
9344,Normal,0.9603332281112671
9345,Normal,0.9598771333694458
9346,Normal,0.959598958492279
9347,Normal,0.9590182900428772
9348,Normal,0.9591107368469238
9349,Normal,0.9605509042739868
9350,Normal,0.9607477784156799
9351,Normal,0.9618496298789978
9352,Normal,0.9618778824806213
9353,Normal,0.9608289003372192
9354,Normal,0.9606659412384033
9355,Normal,0.9596726298332214
9356,Normal,0.9610607028007507
9357,Normal,0.9608399271965027
9358,Normal,0.9608340859413147
9359,Normal,0.9602436423301697
9360,Normal,0.9613506197929382
9361,Normal,0.960748553276062
9362,Normal,0.9600403308868408
9363,Normal,0.959177553653717
9364,Normal,0.9590086936950684
9365,Normal,0.9590754508972168
9366,Normal,0.9603716135025024
9367,Normal,0.9605216383934021
9368,Normal,0.9601607918739319
9369,Normal,0.9602195024490356
9370,Normal,0.9615208506584167
9371,Normal,0.9610143899917603
9372,Normal,0.9609494209289551
9373,Normal,0.9631174802780151
9374,Normal,0.9604231715202332
9375,Normal,0.960956335067749
9376,Normal,0.9603949189186096
9377,Normal,0.9606766104698181
9378,Normal,0.9604776501655579
9379,Normal,0.9604964256286621
9380,Normal,0.9592381715774536
9381,Normal,0.9595716595649719
9382,Normal,0.959568440914154
9383,Normal,0.9589823484420776
9384,Normal,0.9591219425201416
9385,Normal,0.9602661728858948
9386,Normal,0.9610750675201416
9387,Normal,0.9601255059242249
9388,Normal,0.9603705406188965
9389,Normal,0.9614537358283997
9390,Normal,0.9610906839370728
9391,Normal,0.9610967636108398
9392,Normal,0.961475133895874
9393,Normal,0.9613277912139893
9394,Normal,0.9599591493606567
9395,Normal,0.9599888324737549
9396,Normal,0.9608359336853027
9397,Normal,0.9603331685066223
9398,Normal,0.9598771333694458
9399,Normal,0.959598958492279
9400,Normal,0.9590182900428772
9401,Normal,0.9591106176376343
9402,Normal,0.9605507850646973
9403,Normal,0.9607477784156799
9404,Normal,0.9618496298789978
9405,Normal,0.9618778824806213
9406,Normal,0.9608287811279297
9407,Normal,0.9606659412384033
9408,Normal,0.9596726298332214
9409,Normal,0.9610607028007507
9410,Normal,0.9608399271965027
9411,Normal,0.9608340859413147
9412,Normal,0.9602436423301697
9413,Normal,0.9613506197929382
9414,Normal,0.960748553276062
9415,Normal,0.960040271282196
9416,Normal,0.959177553653717
9417,Normal,0.9590086936950684
9418,Normal,0.9590754508972168
9419,Normal,0.9603716135025024
9420,Normal,0.9605216383934021
9421,Normal,0.9601607918739319
9422,Normal,0.9602195024490356
9423,Normal,0.9615207314491272
9424,Normal,0.9610143899917603
9425,Normal,0.9609494209289551
9426,Normal,0.9631174802780151
9427,Normal,0.9604231715202332
9428,Normal,0.960956335067749
9429,Normal,0.9603949189186096
9430,Normal,0.9606766104698181
9431,Normal,0.9604776501655579
9432,Normal,0.9604963064193726
9433,Normal,0.9592380523681641
9434,Normal,0.9595717787742615
9435,Normal,0.9595683813095093
9436,Normal,0.9589823484420776
9437,Normal,0.959121823310852
9438,Normal,0.9602661728858948
9439,Normal,0.9610750675201416
9440,Normal,0.9601255059242249
9441,Normal,0.9603705406188965
9442,Normal,0.9614537358283997
9443,Normal,0.9610906839370728
9444,Normal,0.9610967636108398
9445,Normal,0.961475133895874
9446,Normal,0.9613277912139893
9447,Normal,0.9599590301513672
9448,Normal,0.9599888324737549
9449,Normal,0.9608358144760132
9450,Normal,0.9603331685066223
9451,Normal,0.9598771333694458
9452,Normal,0.959598958492279
9453,Normal,0.9590182900428772
9454,Normal,0.9591106176376343
9455,Normal,0.9605507850646973
9456,Normal,0.9607477784156799
9457,Normal,0.9618496298789978
9458,Normal,0.9618777632713318
9459,Normal,0.9608287811279297
9460,Normal,0.9606659412384033
9461,Normal,0.9596725106239319
9462,Normal,0.9610607028007507
9463,Normal,0.9608399271965027
9464,Normal,0.9608339667320251
9465,Normal,0.9602436423301697
9466,Normal,0.9613506197929382
9467,Normal,0.960748553276062
9468,Normal,0.960040271282196
9469,Normal,0.959177553653717
9470,Normal,0.9590086936950684
9471,Normal,0.9590753316879272
9472,Normal,0.9603716135025024
9473,Normal,0.9605216383934021
9474,Normal,0.9601607918739319
9475,Normal,0.9602195024490356
9476,Normal,0.9615207314491272
9477,Normal,0.9610143899917603
9478,Normal,0.9609494209289551
9479,Normal,0.9631175994873047
9480,Normal,0.9604231715202332
9481,Normal,0.960956335067749
9482,Normal,0.9603949189186096
9483,Normal,0.9606764912605286
9484,Normal,0.9604776501655579
9485,Normal,0.9604963064193726
9486,Normal,0.9592380523681641
9487,Normal,0.9595716595649719
9488,Normal,0.9595683813095093
9489,Normal,0.9589823484420776
9490,Normal,0.959121823310852
9491,Normal,0.9602661728858948
9492,Normal,0.9610750675201416
9493,Normal,0.9601255059242249
9494,Normal,0.9603705406188965
9495,Normal,0.9614537358283997
9496,Normal,0.9610906839370728
9497,Normal,0.9610967636108398
9498,Normal,0.961475133895874
9499,Normal,0.9613276720046997
9500,Normal,0.9599590301513672
9501,Normal,0.9599888324737549
9502,Normal,0.9608358144760132
9503,Normal,0.9603331685066223
9504,Normal,0.9598771333694458
9505,Normal,0.959598958492279
9506,Normal,0.9590182900428772
9507,Normal,0.9591106176376343
9508,Normal,0.9605507850646973
9509,Normal,0.9607478976249695
9510,Normal,0.9618496298789978
9511,Normal,0.9618777632713318
9512,Normal,0.9608287811279297
9513,Normal,0.9606659412384033
9514,Normal,0.9596725106239319
9515,Normal,0.9610607028007507
9516,Normal,0.9608399271965027
9517,Normal,0.9608339667320251
9518,Normal,0.9602436423301697
9519,Normal,0.9613506197929382
9520,Normal,0.960748553276062
9521,Normal,0.960040271282196
9522,Normal,0.959177553653717
9523,Normal,0.9590084552764893
9524,Normal,0.9590753316879272
9525,Normal,0.9603714942932129
9526,Normal,0.9605216383934021
9527,Normal,0.9601607918739319
9528,Normal,0.9602195024490356
9529,Normal,0.9615207314491272
9530,Normal,0.9610143899917603
9531,Normal,0.9609494209289551
9532,Normal,0.9631175994873047
9533,Normal,0.9604231715202332
9534,Normal,0.960956335067749
9535,Normal,0.9603949189186096
9536,Normal,0.9606764912605286
9537,Normal,0.9604776501655579
9538,Normal,0.9604963064193726
9539,Normal,0.9592380523681641
9540,Normal,0.9595715403556824
9541,Normal,0.9595683813095093
9542,Normal,0.9589822292327881
9543,Normal,0.959121823310852
9544,Normal,0.9602661728858948
9545,Normal,0.9610750675201416
9546,Normal,0.9601255059242249
9547,Normal,0.9603705406188965
9548,Normal,0.9614537358283997
9549,Normal,0.9610906839370728
9550,Normal,0.9610967636108398
9551,Normal,0.9614752531051636
9552,Normal,0.9613276720046997
9553,Normal,0.9599590301513672
9554,Normal,0.9599888324737549
9555,Normal,0.9608356952667236
9556,Normal,0.9603331685066223
9557,Normal,0.9598771333694458
9558,Normal,0.959598958492279
9559,Normal,0.9590182900428772
9560,Normal,0.9591106176376343
9561,Normal,0.9605507850646973
9562,Normal,0.9607478976249695
9563,Normal,0.9618496298789978
9564,Normal,0.9618777632713318
9565,Normal,0.9608287811279297
9566,Normal,0.9606659412384033
9567,Normal,0.9596725106239319
9568,Normal,0.9610607028007507
9569,Normal,0.9608399271965027
9570,Normal,0.9608339667320251
9571,Normal,0.9602436423301697
9572,Normal,0.9613505005836487
9573,Normal,0.960748553276062
9574,Normal,0.960040271282196
9575,Normal,0.959177553653717
9576,Normal,0.9590084552764893
9577,Normal,0.9590753316879272
9578,Normal,0.9603714346885681
9579,Normal,0.9605216383934021
9580,Normal,0.9601607918739319
9581,Normal,0.9602195024490356
9582,Normal,0.9615207314491272
9583,Normal,0.9610143899917603
9584,Normal,0.9609494209289551
9585,Normal,0.9631175994873047
9586,Normal,0.9604231715202332
9587,Normal,0.960956335067749
9588,Normal,0.9603949189186096
9589,Normal,0.9606764912605286
9590,Normal,0.9604776501655579
9591,Normal,0.9604963064193726
9592,Normal,0.9592380523681641
9593,Normal,0.9595715403556824
9594,Normal,0.9595683813095093
9595,Normal,0.9589822292327881
9596,Normal,0.959121823310852
9597,Normal,0.9602661728858948
9598,Normal,0.9610750675201416
9599,Normal,0.9601255059242249
9600,Normal,0.960370659828186
9601,Normal,0.9614537358283997
9602,Normal,0.9610906839370728
9603,Normal,0.9610967636108398
9604,Normal,0.9614752531051636
9605,Normal,0.9613276720046997
9606,Normal,0.9599588513374329
9607,Normal,0.9599888324737549
9608,Normal,0.9608356356620789
9609,Normal,0.9603331685066223
9610,Normal,0.9598771333694458
9611,Normal,0.959598958492279
9612,Normal,0.9590182900428772
9613,Normal,0.9591106176376343
9614,Normal,0.9605507850646973
9615,Normal,0.960748016834259
9616,Normal,0.9618496298789978
9617,Normal,0.9618777632713318
9618,Normal,0.9608286619186401
9619,Normal,0.9606658220291138
9620,Normal,0.9596725106239319
9621,Normal,0.9610607028007507
9622,Normal,0.9608399271965027
9623,Normal,0.9608339667320251
9624,Normal,0.9602436423301697
9625,Normal,0.9613505005836487
9626,Normal,0.960748553276062
9627,Normal,0.960040271282196
9628,Normal,0.959177553653717
9629,Normal,0.9590084552764893
9630,Normal,0.9590753316879272
9631,Normal,0.9603714346885681
9632,Normal,0.9605216383934021
9633,Normal,0.9601607918739319
9634,Normal,0.9602196216583252
9635,Normal,0.9615207314491272
9636,Normal,0.9610143899917603
9637,Normal,0.9609494209289551
9638,Normal,0.9631175994873047
9639,Normal,0.9604231715202332
9640,Normal,0.960956335067749
9641,Normal,0.9603947997093201
9642,Normal,0.9606764912605286
9643,Normal,0.9604776501655579
9644,Normal,0.9604963064193726
9645,Normal,0.9592380523681641
9646,Normal,0.9595715403556824
9647,Normal,0.9595683813095093
9648,Normal,0.9589822292327881
9649,Normal,0.959121823310852
9650,Normal,0.96026611328125
9651,Normal,0.9610750675201416
9652,Normal,0.9601255059242249
9653,Normal,0.960370659828186
9654,Normal,0.9614536166191101
9655,Normal,0.9610906839370728
9656,Normal,0.9610967636108398
9657,Normal,0.9614752531051636
9658,Normal,0.9613276720046997
9659,Normal,0.9599588513374329
9660,Normal,0.9599888324737549
9661,Normal,0.9608356356620789
9662,Normal,0.9603331685066223
9663,Normal,0.9598771333694458
9664,Normal,0.959598958492279
9665,Normal,0.9590182304382324
9666,Normal,0.9591105580329895
9667,Normal,0.9605506658554077
9668,Normal,0.960748016834259
9669,Normal,0.9618496298789978
9670,Normal,0.9618777632713318
9671,Normal,0.9608286619186401
9672,Normal,0.9606658220291138
9673,Normal,0.9596725106239319
9674,Normal,0.9610607028007507
9675,Normal,0.9608399271965027
9676,Normal,0.9608339667320251
9677,Normal,0.9602436423301697
9678,Normal,0.9613503813743591
9679,Normal,0.960748553276062
9680,Normal,0.960040271282196
9681,Normal,0.959177553653717
9682,Normal,0.9590083360671997
9683,Normal,0.9590753316879272
9684,Normal,0.9603714346885681
9685,Normal,0.9605217576026917
9686,Normal,0.9601607918739319
9687,Normal,0.9602196216583252
9688,Normal,0.9615207314491272
9689,Normal,0.9610143899917603
9690,Normal,0.9609494209289551
9691,Normal,0.9631175994873047
9692,Normal,0.9604231715202332
9693,Normal,0.960956335067749
9694,Normal,0.9603947997093201
9695,Normal,0.9606764912605286
9696,Normal,0.9604776501655579
9697,Normal,0.9604963064193726
9698,Normal,0.9592380523681641
9699,Normal,0.9595715403556824
9700,Normal,0.9595683813095093
9701,Normal,0.9589822292327881
9702,Normal,0.959121823310852
9703,Normal,0.96026611328125
9704,Normal,0.9610750675201416
9705,Normal,0.9601255059242249
9706,Normal,0.960370659828186
9707,Normal,0.9614535570144653
9708,Normal,0.9610906839370728
9709,Normal,0.9610967636108398
9710,Normal,0.9614752531051636
9711,Normal,0.9613276720046997
9712,Normal,0.9599588513374329
9713,Normal,0.9599888324737549
9714,Normal,0.9608356356620789
9715,Normal,0.9603331685066223
9716,Normal,0.9598771333694458
9717,Normal,0.959598958492279
9718,Normal,0.9590181112289429
9719,Normal,0.9591105580329895
9720,Normal,0.9605505466461182
9721,Normal,0.960748016834259
9722,Normal,0.9618495106697083
9723,Normal,0.9618777632713318
9724,Normal,0.9608286619186401
9725,Normal,0.9606659412384033
9726,Normal,0.9596725106239319
9727,Normal,0.9610607028007507
9728,Normal,0.9608399271965027
9729,Normal,0.9608339667320251
9730,Normal,0.9602436423301697
9731,Normal,0.9613502621650696
9732,Normal,0.960748553276062
9733,Normal,0.960040271282196
9734,Normal,0.959177553653717
9735,Normal,0.9590083360671997
9736,Normal,0.9590753316879272
9737,Normal,0.9603714346885681
9738,Normal,0.9605217576026917
9739,Normal,0.9601607918739319
9740,Normal,0.9602196216583252
9741,Normal,0.9615207314491272
9742,Normal,0.9610143899917603
9743,Normal,0.9609494209289551
9744,Normal,0.9631175994873047
9745,Normal,0.9604231715202332
9746,Normal,0.960956335067749
9747,Normal,0.9603947997093201
9748,Normal,0.9606764912605286
9749,Normal,0.9604776501655579
9750,Normal,0.9604963064193726
9751,Normal,0.9592380523681641
9752,Normal,0.9595715403556824
9753,Normal,0.9595683813095093
9754,Normal,0.9589822292327881
9755,Normal,0.959121823310852
9756,Normal,0.9602659940719604
9757,Normal,0.9610750675201416
9758,Normal,0.9601255059242249
9759,Normal,0.960370659828186
9760,Normal,0.9614535570144653
9761,Normal,0.9610906839370728
9762,Normal,0.9610967636108398
9763,Normal,0.9614752531051636
9764,Normal,0.9613276720046997
9765,Normal,0.9599588513374329
9766,Normal,0.9599888324737549
9767,Normal,0.9608356356620789
9768,Normal,0.9603331685066223
9769,Normal,0.9598770141601562
9770,Normal,0.959598958492279
9771,Normal,0.9590181112289429
9772,Normal,0.9591105580329895
9773,Normal,0.9605504274368286
9774,Normal,0.9607481360435486
9775,Normal,0.9618495106697083
9776,Normal,0.9618777632713318
9777,Normal,0.9608287811279297
9778,Normal,0.9606658220291138
9779,Normal,0.9596724510192871
9780,Normal,0.961060643196106
9781,Normal,0.9608399271965027
9782,Normal,0.9608339667320251
9783,Normal,0.9602436423301697
9784,Normal,0.9613502621650696
9785,Normal,0.9607486724853516
9786,Normal,0.960040271282196
9787,Normal,0.9591774344444275
9788,Normal,0.9590083360671997
9789,Normal,0.9590753316879272
9790,Normal,0.9603714346885681
9791,Normal,0.9605217576026917
9792,Normal,0.9601607918739319
9793,Normal,0.9602196216583252
9794,Normal,0.9615207314491272
9795,Normal,0.9610143899917603
9796,Normal,0.9609494209289551
9797,Normal,0.9631175994873047
9798,Normal,0.9604231715202332
9799,Normal,0.960956335067749
9800,Normal,0.9603947997093201
9801,Normal,0.960676372051239
9802,Normal,0.9604776501655579
9803,Normal,0.9604963064193726
9804,Normal,0.9592380523681641
9805,Normal,0.9595715403556824
9806,Normal,0.9595682621002197
9807,Normal,0.9589822292327881
9808,Normal,0.959121823310852
9809,Normal,0.9602659940719604
9810,Normal,0.9610750675201416
9811,Normal,0.9601255059242249
9812,Normal,0.9603707194328308
9813,Normal,0.9614535570144653
9814,Normal,0.9610906839370728
9815,Normal,0.9610966444015503
9816,Normal,0.961475133895874
9817,Normal,0.9613276720046997
9818,Normal,0.9599588513374329
9819,Normal,0.9599887132644653
9820,Normal,0.9608356356620789
9821,Normal,0.9603331685066223
9822,Normal,0.9598768949508667
9823,Normal,0.959598958492279
9824,Normal,0.9590181112289429
9825,Normal,0.9591104388237
9826,Normal,0.9605504274368286
9827,Normal,0.9607481360435486
9828,Normal,0.9618495106697083
9829,Normal,0.9618777632713318
9830,Normal,0.9608286619186401
9831,Normal,0.9606658220291138
9832,Normal,0.9596725106239319
9833,Normal,0.961060643196106
9834,Normal,0.9608398079872131
9835,Normal,0.9608339667320251
9836,Normal,0.9602436423301697
9837,Normal,0.9613502621650696
9838,Normal,0.9607486724853516
9839,Normal,0.960040271282196
9840,Normal,0.9591774344444275
9841,Normal,0.9590083360671997
9842,Normal,0.9590753316879272
9843,Normal,0.9603714346885681
9844,Normal,0.960521936416626
9845,Normal,0.9601607918739319
9846,Normal,0.9602196216583252
9847,Normal,0.9615207314491272
9848,Normal,0.9610143899917603
9849,Normal,0.9609495401382446
9850,Normal,0.9631175994873047
9851,Normal,0.9604231715202332
9852,Normal,0.960956335067749
9853,Normal,0.9603947401046753
9854,Normal,0.960676372051239
9855,Normal,0.9604776501655579
9856,Normal,0.9604963064193726
9857,Normal,0.9592380523681641
9858,Normal,0.9595715403556824
9859,Normal,0.9595682621002197
9860,Normal,0.9589822292327881
9861,Normal,0.959121823310852
9862,Normal,0.9602658748626709
9863,Normal,0.9610750675201416
9864,Normal,0.9601255059242249
9865,Normal,0.9603707194328308
9866,Normal,0.9614535570144653
9867,Normal,0.9610905647277832
9868,Normal,0.9610966444015503
9869,Normal,0.9614752531051636
9870,Normal,0.9613276720046997
9871,Normal,0.9599588513374329
9872,Normal,0.9599887132644653
9873,Normal,0.9608356356620789
9874,Normal,0.9603331685066223
9875,Normal,0.9598768949508667
9876,Normal,0.9595988988876343
9877,Normal,0.9590181112289429
9878,Normal,0.9591104388237
9879,Normal,0.9605504274368286
9880,Normal,0.9607481360435486
9881,Normal,0.9618495106697083
9882,Normal,0.9618777632713318
9883,Normal,0.9608285427093506
9884,Normal,0.9606658220291138
9885,Normal,0.9596724510192871
9886,Normal,0.961060643196106
9887,Normal,0.9608398079872131
9888,Normal,0.9608339667320251
9889,Normal,0.9602436423301697
9890,Normal,0.9613502621650696
9891,Normal,0.9607486724853516
9892,Normal,0.9600401520729065
9893,Normal,0.9591774344444275
9894,Normal,0.9590083360671997
9895,Normal,0.9590753316879272
9896,Normal,0.960371196269989
9897,Normal,0.960521936416626
9898,Normal,0.9601607918739319
9899,Normal,0.9602196216583252
9900,Normal,0.9615207314491272
9901,Normal,0.9610142707824707
9902,Normal,0.9609495401382446
9903,Normal,0.9631175994873047
9904,Normal,0.9604232907295227
9905,Normal,0.960956335067749
9906,Normal,0.9603947401046753
9907,Normal,0.960676372051239
9908,Normal,0.9604776501655579
9909,Normal,0.9604963064193726
9910,Normal,0.9592380523681641
9911,Normal,0.9595715403556824
9912,Normal,0.9595682621002197
9913,Normal,0.9589822292327881
9914,Normal,0.9591217041015625
9915,Normal,0.9602658748626709
9916,Normal,0.9610750675201416
9917,Normal,0.9601255059242249
9918,Normal,0.9603707194328308
9919,Normal,0.9614535570144653
9920,Normal,0.9610905647277832
9921,Normal,0.9610966444015503
9922,Normal,0.961475133895874
9923,Normal,0.9613276720046997
9924,Normal,0.9599588513374329
9925,Normal,0.9599887132644653
9926,Normal,0.9608356356620789
9927,Normal,0.9603331685066223
9928,Normal,0.9598768949508667
9929,Normal,0.9595988988876343
9930,Normal,0.9590181112289429
9931,Normal,0.9591104388237
9932,Normal,0.9605504274368286
9933,Normal,0.9607481360435486
9934,Normal,0.9618495106697083
9935,Normal,0.9618777632713318
9936,Normal,0.9608285427093506
9937,Normal,0.9606658220291138
9938,Normal,0.9596724510192871
9939,Normal,0.961060643196106
9940,Normal,0.9608398079872131
9941,Normal,0.9608339667320251
9942,Normal,0.9602436423301697
9943,Normal,0.9613502621650696
9944,Normal,0.9607486724853516
9945,Normal,0.9600401520729065
9946,Normal,0.9591774344444275
9947,Normal,0.9590083360671997
9948,Normal,0.9590753316879272
9949,Normal,0.960371196269989
9950,Normal,0.960521936416626
9951,Normal,0.9601607918739319
9952,Normal,0.9602196216583252
9953,Normal,0.9615207314491272
9954,Normal,0.9610142707824707
9955,Normal,0.9609495401382446
9956,Normal,0.9631175994873047
9957,Normal,0.9604232907295227
9958,Normal,0.960956335067749
9959,Normal,0.9603947401046753
9960,Normal,0.960676372051239
9961,Normal,0.9604776501655579
9962,Normal,0.9604963064193726
9963,Normal,0.9592380523681641
9964,Normal,0.9595714211463928
9965,Normal,0.9595682621002197
9966,Normal,0.9589821100234985
9967,Normal,0.9591217041015625
9968,Normal,0.9602658748626709
9969,Normal,0.9610750675201416
9970,Normal,0.9601255059242249
9971,Normal,0.9603707194328308
9972,Normal,0.9614535570144653
9973,Normal,0.9610905647277832
9974,Normal,0.9610966444015503
9975,Normal,0.961475133895874
9976,Normal,0.9613276720046997
9977,Normal,0.9599588513374329
9978,Normal,0.9599887132644653
9979,Normal,0.9608356356620789
9980,Normal,0.9603331685066223
9981,Normal,0.9598768949508667
9982,Normal,0.9595988988876343
9983,Normal,0.9590181112289429
9984,Normal,0.9591104388237
9985,Normal,0.9605503082275391
9986,Normal,0.9607481360435486
9987,Normal,0.9618495106697083
9988,Normal,0.9618777632713318
9989,Normal,0.9608285427093506
9990,Normal,0.9606657028198242
9991,Normal,0.9596724510192871
9992,Normal,0.961060643196106
9993,Normal,0.9608398079872131
9994,Normal,0.9608339667320251
9995,Normal,0.9602436423301697
9996,Normal,0.9613502621650696
9997,Normal,0.9607486724853516
9998,Normal,0.9600401520729065
9999,Normal,0.9591774344444275
10000,Normal,0.9590083360671997
10001,Normal,0.9590753316879272
10002,Normal,0.960371196269989
10003,Normal,0.960521936416626
10004,Normal,0.9601607918739319
10005,Normal,0.9602196216583252
10006,Normal,0.9615207314491272
10007,Normal,0.9610142707824707
10008,Normal,0.9609495401382446
10009,Normal,0.9631175994873047
10010,Normal,0.9604232907295227
10011,Normal,0.960956335067749
10012,Normal,0.9603947401046753
10013,Normal,0.960676372051239
10014,Normal,0.9604776501655579
10015,Normal,0.9604963064193726
10016,Normal,0.9592379927635193
10017,Normal,0.9595714211463928
10018,Normal,0.9595682621002197
10019,Normal,0.9589820504188538
10020,Normal,0.9591217041015625
10021,Normal,0.9602657556533813
10022,Normal,0.9610750675201416
10023,Normal,0.9601255059242249
10024,Normal,0.9603707194328308
10025,Normal,0.9614535570144653
10026,Normal,0.9610905647277832
10027,Normal,0.9610966444015503
10028,Normal,0.961475133895874
10029,Normal,0.9613276124000549
10030,Normal,0.9599588513374329
10031,Normal,0.9599887132644653
10032,Normal,0.9608355164527893
10033,Normal,0.9603330492973328
10034,Normal,0.9598768949508667
10035,Normal,0.9595988988876343
10036,Normal,0.9590181112289429
10037,Normal,0.9591104388237
10038,Normal,0.9605503082275391
10039,Normal,0.9607481360435486
10040,Normal,0.9618495106697083
10041,Normal,0.9618777632713318
10042,Normal,0.9608285427093506
10043,Normal,0.9606657028198242
10044,Normal,0.9596724510192871
10045,Normal,0.961060643196106
10046,Normal,0.9608398079872131
10047,Normal,0.9608339667320251
10048,Normal,0.9602435827255249
10049,Normal,0.9613502621650696
10050,Normal,0.9607486724853516
10051,Normal,0.9600401520729065
10052,Normal,0.9591774344444275
10053,Normal,0.9590083360671997
10054,Normal,0.9590750932693481
10055,Normal,0.960371196269989
10056,Normal,0.960521936416626
10057,Normal,0.9601607918739319
10058,Normal,0.9602196216583252
10059,Normal,0.9615207314491272
10060,Normal,0.9610142707824707
10061,Normal,0.9609495401382446
10062,Normal,0.9631175994873047
10063,Normal,0.9604232907295227
10064,Normal,0.9609564542770386
10065,Normal,0.9603947401046753
10066,Normal,0.960676372051239
10067,Normal,0.9604775309562683
10068,Normal,0.9604963064193726
10069,Normal,0.9592379927635193
10070,Normal,0.9595714211463928
10071,Normal,0.9595682621002197
10072,Normal,0.9589820504188538
10073,Normal,0.959121584892273
10074,Normal,0.9602657556533813
10075,Normal,0.9610750675201416
10076,Normal,0.9601255059242249
10077,Normal,0.9603708386421204
10078,Normal,0.9614535570144653
10079,Normal,0.9610905647277832
10080,Normal,0.9610966444015503
10081,Normal,0.961475133895874
10082,Normal,0.9613274931907654
10083,Normal,0.9599588513374329
10084,Normal,0.9599887132644653
10085,Normal,0.9608355164527893
10086,Normal,0.9603330492973328
10087,Normal,0.9598768949508667
10088,Normal,0.9595988988876343
10089,Normal,0.9590181112289429
10090,Normal,0.9591104388237
10091,Normal,0.9605503082275391
10092,Normal,0.9607481360435486
10093,Normal,0.9618493914604187
10094,Normal,0.9618777632713318
10095,Normal,0.9608285427093506
10096,Normal,0.9606657028198242
10097,Normal,0.9596724510192871
10098,Normal,0.9610607028007507
10099,Normal,0.9608398079872131
10100,Normal,0.9608339667320251
10101,Normal,0.9602435827255249
10102,Normal,0.9613502621650696
10103,Normal,0.9607486724853516
10104,Normal,0.9600401520729065
10105,Normal,0.9591774344444275
10106,Normal,0.9590083360671997
10107,Normal,0.9590750932693481
10108,Normal,0.960371196269989
10109,Normal,0.960521936416626
10110,Normal,0.9601607918739319
10111,Normal,0.9602196216583252
10112,Normal,0.9615207314491272
10113,Normal,0.9610142707824707
10114,Normal,0.9609495401382446
10115,Normal,0.9631177186965942
10116,Normal,0.9604232907295227
10117,Normal,0.960956335067749
10118,Normal,0.9603947401046753
10119,Normal,0.960676372051239
10120,Normal,0.9604775309562683
10121,Normal,0.9604963064193726
10122,Normal,0.9592379927635193
10123,Normal,0.9595714211463928
10124,Normal,0.9595682621002197
10125,Normal,0.9589820504188538
10126,Normal,0.959121584892273
10127,Normal,0.9602657556533813
10128,Normal,0.9610750675201416
10129,Normal,0.9601256251335144
10130,Normal,0.9603708386421204
10131,Normal,0.9614535570144653
10132,Normal,0.9610904455184937
10133,Normal,0.9610965251922607
10134,Normal,0.961475133895874
10135,Normal,0.9613274931907654
10136,Normal,0.9599588513374329
10137,Normal,0.9599887132644653
10138,Normal,0.9608355164527893
10139,Normal,0.9603330492973328
10140,Normal,0.9598768949508667
10141,Normal,0.9595988988876343
10142,Normal,0.9590181112289429
10143,Normal,0.9591104388237
10144,Normal,0.9605503082275391
10145,Normal,0.9607482552528381
10146,Normal,0.9618492722511292
10147,Normal,0.9618777632713318
10148,Normal,0.9608285427093506
10149,Normal,0.9606657028198242
10150,Normal,0.9596724510192871
10151,Normal,0.9610607028007507
10152,Normal,0.9608398079872131
10153,Normal,0.9608339667320251
10154,Normal,0.9602435827255249
10155,Normal,0.9613502621650696
10156,Normal,0.9607486724853516
10157,Normal,0.9600401520729065
10158,Normal,0.9591774344444275
10159,Normal,0.9590083360671997
10160,Normal,0.9590750932693481
10161,Normal,0.960371196269989
10162,Normal,0.960521936416626
10163,Normal,0.9601607918739319
10164,Normal,0.9602196216583252
10165,Normal,0.9615206718444824
10166,Normal,0.9610142707824707
10167,Normal,0.9609495401382446
10168,Normal,0.9631177186965942
10169,Normal,0.9604232907295227
10170,Normal,0.9609564542770386
10171,Normal,0.9603947401046753
10172,Normal,0.9606762528419495
10173,Normal,0.9604774117469788
10174,Normal,0.9604963064193726
10175,Normal,0.9592379927635193
10176,Normal,0.9595714211463928
10177,Normal,0.9595682621002197
10178,Normal,0.9589820504188538
10179,Normal,0.959121584892273
10180,Normal,0.9602657556533813
10181,Normal,0.9610750675201416
10182,Normal,0.9601256251335144
10183,Normal,0.9603708386421204
10184,Normal,0.9614535570144653
10185,Normal,0.9610904455184937
10186,Normal,0.9610965251922607
10187,Normal,0.961475133895874
10188,Normal,0.9613274931907654
10189,Normal,0.9599588513374329
10190,Normal,0.9599887132644653
10191,Normal,0.9608355164527893
10192,Normal,0.9603330492973328
10193,Normal,0.9598768949508667
10194,Normal,0.9595988988876343
10195,Normal,0.9590181112289429
10196,Normal,0.9591104388237
10197,Normal,0.9605503082275391
10198,Normal,0.9607482552528381
10199,Normal,0.9618492722511292
10200,Normal,0.9618777632713318
10201,Normal,0.9608285427093506
10202,Normal,0.9606657028198242
10203,Normal,0.9596724510192871
10204,Normal,0.9610607028007507
10205,Normal,0.9608398079872131
10206,Normal,0.9608338475227356
10207,Normal,0.9602435827255249
10208,Normal,0.9613502621650696
10209,Normal,0.9607486724853516
10210,Normal,0.9600400328636169
10211,Normal,0.9591774344444275
10212,Normal,0.9590083360671997
10213,Normal,0.9590749740600586
10214,Normal,0.9603709578514099
10215,Normal,0.960521936416626
10216,Normal,0.9601607918739319
10217,Normal,0.9602196216583252
10218,Normal,0.9615206718444824
10219,Normal,0.9610142707824707
10220,Normal,0.9609495401382446
10221,Normal,0.9631177186965942
10222,Normal,0.9604232907295227
10223,Normal,0.9609564542770386
10224,Normal,0.9603947401046753
10225,Normal,0.9606762528419495
10226,Normal,0.9604774117469788
10227,Normal,0.9604963064193726
10228,Normal,0.9592379927635193
10229,Normal,0.9595714211463928
10230,Normal,0.9595682621002197
10231,Normal,0.9589820504188538
10232,Normal,0.959121584892273
10233,Normal,0.9602657556533813
10234,Normal,0.9610751271247864
10235,Normal,0.9601255059242249
10236,Normal,0.9603708386421204
10237,Normal,0.9614535570144653
10238,Normal,0.9610904455184937
10239,Normal,0.9610965251922607
10240,Normal,0.961475133895874
10241,Normal,0.9613274931907654
10242,Normal,0.9599588513374329
10243,Normal,0.9599887132644653
10244,Normal,0.9608355164527893
10245,Normal,0.9603330492973328
10246,Normal,0.9598768949508667
10247,Normal,0.9595988988876343
10248,Normal,0.9590181112289429
10249,Normal,0.9591104388237
10250,Normal,0.9605501890182495
10251,Normal,0.9607482552528381
10252,Normal,0.9618492722511292
10253,Normal,0.9618777632713318
10254,Normal,0.9608285427093506
10255,Normal,0.9606658220291138
10256,Normal,0.9596724510192871
10257,Normal,0.9610607028007507
10258,Normal,0.9608398079872131
10259,Normal,0.9608338475227356
10260,Normal,0.9602435827255249
10261,Normal,0.9613502621650696
10262,Normal,0.9607486724853516
10263,Normal,0.9600399136543274
10264,Normal,0.9591774344444275
10265,Normal,0.9590082168579102
10266,Normal,0.9590749740600586
10267,Normal,0.9603709578514099
10268,Normal,0.960521936416626
10269,Normal,0.9601607918739319
10270,Normal,0.9602196216583252
10271,Normal,0.9615206718444824
10272,Normal,0.9610142707824707
10273,Normal,0.9609495401382446
10274,Normal,0.9631175994873047
10275,Normal,0.9604232907295227
10276,Normal,0.9609564542770386
10277,Normal,0.9603947401046753
10278,Normal,0.9606762528419495
10279,Normal,0.9604774117469788
10280,Normal,0.960496187210083
10281,Normal,0.9592379927635193
10282,Normal,0.9595714211463928
10283,Normal,0.9595682621002197
10284,Normal,0.9589820504188538
10285,Normal,0.959121584892273
10286,Normal,0.9602657556533813
10287,Normal,0.9610752463340759
10288,Normal,0.9601256251335144
10289,Normal,0.9603708386421204
10290,Normal,0.9614534378051758
10291,Normal,0.9610904455184937
10292,Normal,0.9610965251922607
10293,Normal,0.961475133895874
10294,Normal,0.9613274931907654
10295,Normal,0.9599587321281433
10296,Normal,0.9599887132644653
10297,Normal,0.9608355164527893
10298,Normal,0.9603330492973328
10299,Normal,0.9598768949508667
10300,Normal,0.9595988988876343
10301,Normal,0.9590179920196533
10302,Normal,0.9591104388237
10303,Normal,0.9605501890182495
10304,Normal,0.9607483744621277
10305,Normal,0.9618492722511292
10306,Normal,0.9618777632713318
10307,Normal,0.9608285427093506
10308,Normal,0.9606658220291138
10309,Normal,0.9596724510192871
10310,Normal,0.9610607028007507
10311,Normal,0.9608398079872131
10312,Normal,0.9608338475227356
10313,Normal,0.9602435827255249
10314,Normal,0.9613502621650696
10315,Normal,0.9607486724853516
10316,Normal,0.9600399136543274
10317,Normal,0.9591774344444275
10318,Normal,0.9590082168579102
10319,Normal,0.9590749740600586
10320,Normal,0.9603709578514099
10321,Normal,0.960521936416626
10322,Normal,0.9601607918739319
10323,Normal,0.9602196216583252
10324,Normal,0.9615206718444824
10325,Normal,0.9610142707824707
10326,Normal,0.9609495401382446
10327,Normal,0.9631175994873047
10328,Normal,0.9604232907295227
10329,Normal,0.9609564542770386
10330,Normal,0.9603947401046753
10331,Normal,0.9606762528419495
10332,Normal,0.9604774117469788
10333,Normal,0.9604961276054382
10334,Normal,0.9592379927635193
10335,Normal,0.9595714211463928
10336,Normal,0.9595681428909302
10337,Normal,0.9589820504188538
10338,Normal,0.959121584892273
10339,Normal,0.9602656364440918
10340,Normal,0.9610752463340759
10341,Normal,0.9601256251335144
10342,Normal,0.9603708386421204
10343,Normal,0.9614534378051758
10344,Normal,0.9610904455184937
10345,Normal,0.9610965251922607
10346,Normal,0.961475133895874
10347,Normal,0.9613274931907654
10348,Normal,0.9599587321281433
10349,Normal,0.9599887132644653
10350,Normal,0.9608355164527893
10351,Normal,0.9603330492973328
10352,Normal,0.9598767757415771
10353,Normal,0.9595988988876343
10354,Normal,0.9590179920196533
10355,Normal,0.9591104388237
10356,Normal,0.9605501294136047
10357,Normal,0.9607483744621277
10358,Normal,0.9618492722511292
10359,Normal,0.9618776440620422
10360,Normal,0.9608285427093506
10361,Normal,0.9606658220291138
10362,Normal,0.9596724510192871
10363,Normal,0.9610607028007507
10364,Normal,0.9608398079872131
10365,Normal,0.960833728313446
10366,Normal,0.9602435827255249
10367,Normal,0.9613502025604248
10368,Normal,0.9607486724853516
10369,Normal,0.9600399136543274
10370,Normal,0.9591774344444275
10371,Normal,0.9590080976486206
10372,Normal,0.9590749740600586
10373,Normal,0.9603709578514099
10374,Normal,0.960521936416626
10375,Normal,0.9601607918739319
10376,Normal,0.96021968126297
10377,Normal,0.9615206718444824
10378,Normal,0.9610142707824707
10379,Normal,0.9609496593475342
10380,Normal,0.9631175994873047
10381,Normal,0.9604232907295227
10382,Normal,0.9609564542770386
10383,Normal,0.9603947401046753
10384,Normal,0.9606761932373047
10385,Normal,0.9604774117469788
10386,Normal,0.9604961276054382
10387,Normal,0.9592378735542297
10388,Normal,0.9595714211463928
10389,Normal,0.9595681428909302
10390,Normal,0.9589820504188538
10391,Normal,0.959121584892273
10392,Normal,0.9602655172348022
10393,Normal,0.9610752463340759
10394,Normal,0.9601255059242249
10395,Normal,0.9603707194328308
10396,Normal,0.9614534378051758
10397,Normal,0.9610904455184937
10398,Normal,0.9610965251922607
10399,Normal,0.961475133895874
10400,Normal,0.9613273739814758
10401,Normal,0.9599587321281433
10402,Normal,0.9599887132644653
10403,Normal,0.9608352780342102
10404,Normal,0.9603330492973328
10405,Normal,0.9598766565322876
10406,Normal,0.9595988988876343
10407,Normal,0.9590179920196533
10408,Normal,0.9591104388237
10409,Normal,0.9605500102043152
10410,Normal,0.9607483744621277
10411,Normal,0.9618492126464844
10412,Normal,0.9618776440620422
10413,Normal,0.9608285427093506
10414,Normal,0.9606658220291138
10415,Normal,0.9596724510192871
10416,Normal,0.9610607028007507
10417,Normal,0.9608398079872131
10418,Normal,0.960833728313446
10419,Normal,0.9602435827255249
10420,Normal,0.9613502025604248
10421,Normal,0.9607486724853516
10422,Normal,0.9600397944450378
10423,Normal,0.9591774344444275
10424,Normal,0.9590080976486206
10425,Normal,0.9590749740600586
10426,Normal,0.9603708386421204
10427,Normal,0.9605220556259155
10428,Normal,0.9601607918739319
10429,Normal,0.96021968126297
10430,Normal,0.9615206718444824
10431,Normal,0.9610142707824707
10432,Normal,0.9609496593475342
10433,Normal,0.9631175994873047
10434,Normal,0.9604232907295227
10435,Normal,0.9609564542770386
10436,Normal,0.9603947401046753
10437,Normal,0.9606761932373047
10438,Normal,0.9604774117469788
10439,Normal,0.9604961276054382
10440,Normal,0.9592378735542297
10441,Normal,0.9595714211463928
10442,Normal,0.9595681428909302
10443,Normal,0.9589819312095642
10444,Normal,0.959121584892273
10445,Normal,0.9602655172348022
10446,Normal,0.9610752463340759
10447,Normal,0.9601255059242249
10448,Normal,0.9603708386421204
10449,Normal,0.9614534378051758
10450,Normal,0.9610904455184937
10451,Normal,0.9610965251922607
10452,Normal,0.961475133895874
10453,Normal,0.9613273739814758
10454,Normal,0.9599587321281433
10455,Normal,0.9599887132644653
10456,Normal,0.9608352780342102
10457,Normal,0.9603330492973328
10458,Normal,0.9598766565322876
10459,Normal,0.9595988988876343
10460,Normal,0.9590178728103638
10461,Normal,0.9591103196144104
10462,Normal,0.9605500102043152
10463,Normal,0.9607483744621277
10464,Normal,0.9618492126464844
10465,Normal,0.9618775248527527
10466,Normal,0.9608285427093506
10467,Normal,0.9606658220291138
10468,Normal,0.9596723318099976
10469,Normal,0.9610607028007507
10470,Normal,0.9608398079872131
10471,Normal,0.960833728313446
10472,Normal,0.9602435827255249
10473,Normal,0.9613502025604248
10474,Normal,0.9607486724853516
10475,Normal,0.9600397944450378
10476,Normal,0.9591774344444275
10477,Normal,0.9590080976486206
10478,Normal,0.9590749740600586
10479,Normal,0.9603708386421204
10480,Normal,0.9605220556259155
10481,Normal,0.9601607918739319
10482,Normal,0.96021968126297
10483,Normal,0.9615206718444824
10484,Normal,0.9610142707824707
10485,Normal,0.9609496593475342
10486,Normal,0.9631175994873047
10487,Normal,0.9604232907295227
10488,Normal,0.9609564542770386
10489,Normal,0.9603947401046753
10490,Normal,0.9606760740280151
10491,Normal,0.9604774117469788
10492,Normal,0.9604961276054382
10493,Normal,0.9592378735542297
10494,Normal,0.9595713019371033
10495,Normal,0.9595681428909302
10496,Normal,0.9589819312095642
10497,Normal,0.959121584892273
10498,Normal,0.9602655172348022
10499,Normal,0.9610752463340759
10500,Normal,0.9601255059242249
10501,Normal,0.9603708386421204
10502,Normal,0.9614534378051758
10503,Normal,0.9610904455184937
10504,Normal,0.9610965251922607
10505,Normal,0.961475133895874
10506,Normal,0.9613273739814758
10507,Normal,0.9599587321281433
10508,Normal,0.9599887132644653
10509,Normal,0.9608352780342102
10510,Normal,0.9603330492973328
10511,Normal,0.9598766565322876
10512,Normal,0.9595988988876343
10513,Normal,0.9590178728103638
10514,Normal,0.9591103196144104
10515,Normal,0.9605500102043152
10516,Normal,0.9607483744621277
10517,Normal,0.9618492126464844
10518,Normal,0.9618775248527527
10519,Normal,0.9608285427093506
10520,Normal,0.9606658220291138
10521,Normal,0.9596723318099976
10522,Normal,0.9610607028007507
10523,Normal,0.9608398079872131
10524,Normal,0.960833728313446
10525,Normal,0.9602435827255249
10526,Normal,0.9613502025604248
10527,Normal,0.9607486724853516
10528,Normal,0.9600397944450378
10529,Normal,0.9591774344444275
10530,Normal,0.9590080976486206
10531,Normal,0.9590749740600586
10532,Normal,0.9603707194328308
10533,Normal,0.9605220556259155
10534,Normal,0.9601607918739319
10535,Normal,0.96021968126297
10536,Normal,0.9615206718444824
10537,Normal,0.9610142707824707
10538,Normal,0.9609496593475342
10539,Normal,0.9631175994873047
10540,Normal,0.9604232907295227
10541,Normal,0.9609564542770386
10542,Normal,0.9603946208953857
10543,Normal,0.9606760740280151
10544,Normal,0.9604774117469788
10545,Normal,0.9604961276054382
10546,Normal,0.9592378735542297
10547,Normal,0.9595711827278137
10548,Normal,0.9595681428909302
10549,Normal,0.9589819312095642
10550,Normal,0.959121584892273
10551,Normal,0.9602655172348022
10552,Normal,0.9610753655433655
10553,Normal,0.9601253867149353
10554,Normal,0.9603708386421204
10555,Normal,0.9614534378051758
10556,Normal,0.9610903263092041
10557,Normal,0.9610965251922607
10558,Normal,0.961475133895874
10559,Normal,0.9613273739814758
10560,Normal,0.9599587321281433
10561,Normal,0.9599887132644653
10562,Normal,0.9608351588249207
10563,Normal,0.9603330492973328
10564,Normal,0.959876537322998
10565,Normal,0.9595988988876343
10566,Normal,0.9590177536010742
10567,Normal,0.9591103196144104
10568,Normal,0.9605500102043152
10569,Normal,0.9607483744621277
